Date,^GSPC,^IXIC,^DJI,^RUT,^VIX,AAPL,MSFT,AMZN,GOOGL,TSLA,AAL,UAL,MAR,XOM,CVX,JPM,GS,GLD,TLT
2020-01-02,3257.85009765625,9092.1904296875,28868.80078125,1666.77001953125,12.470000267028809,72.4682388305664,152.7910919189453,94.90049743652344,67.9652328491211,28.68400001525879,28.982892990112305,89.73999786376953,145.8574981689453,53.661720275878906,93.95562744140625,119.57335662841797,204.1898956298828,143.9499969482422,116.30686950683594
2020-01-03,3234.85009765625,9020.76953125,28634.880859375,1660.8699951171875,14.020000457763672,71.76373291015625,150.8885955810547,93.74849700927734,67.60968017578125,29.534000396728516,27.548194885253906,87.9000015258789,143.7200164794922,53.230308532714844,93.63064575195312,117.99542999267578,201.80221557617188,145.86000061035156,118.0980224609375
2020-01-06,3246.280029296875,9071.4697265625,28703.380859375,1663.260009765625,13.850000381469727,72.33554077148438,151.27865600585938,95.14399719238281,69.41175842285156,30.1026668548584,27.219409942626953,87.69999694824219,141.86175537109375,53.63900375366211,93.31342315673828,117.90160369873047,203.86741638183594,147.38999938964844,117.42742156982422
2020-01-07,3237.179931640625,9068.580078125,28583.6796875,1658.31005859375,13.789999961853027,71.99537658691406,149.89932250976562,95.34300231933594,69.27767944335938,31.270666122436523,27.11977767944336,86.7699966430664,139.55101013183594,53.20002365112305,92.12185668945312,115.89720153808594,205.20947265625,147.97000122070312,116.85014343261719
2020-01-08,3253.050048828125,9129.240234375,28745.08984375,1663.5899658203125,13.449999809265137,73.15350341796875,152.28697204589844,94.59850311279297,69.77078247070312,32.80933380126953,27.73749542236328,87.30000305175781,141.27444458007812,52.39774703979492,91.06956481933594,116.80130004882812,207.18756103515625,146.86000061035156,116.07765197753906
2020-01-09,3274.699951171875,9203.4296875,28956.900390625,1664.989990234375,12.539999961853027,74.70732879638672,154.189453125,95.05249786376953,70.50323486328125,32.089332580566406,27.847091674804688,87.94999694824219,141.00485229492188,52.79888916015625,90.92256164550781,117.22777557373047,211.4051971435547,146.02999877929688,116.48515319824219
2020-01-10,3265.35009765625,9178.8603515625,28823.76953125,1657.6400146484375,12.5600004196167,74.87622833251953,153.4760284423828,94.15799713134766,70.95858001708984,31.876667022705078,27.219409942626953,87.30999755859375,139.98426818847656,52.32963180541992,90.09464263916016,116.05928039550781,210.97821044921875,146.91000366210938,117.52081298828125
2020-01-13,3288.1298828125,9273.9296875,28907.05078125,1669.6099853515625,12.319999694824219,76.47589874267578,155.32147216796875,94.56500244140625,71.50830078125,34.990665435791016,27.289152145385742,86.88999938964844,141.34182739257812,52.829158782958984,90.264892578125,117.02306365966797,213.67958068847656,145.82000732421875,117.16423034667969
2020-01-14,3283.14990234375,9251.330078125,28939.669921875,1675.739990234375,12.390000343322754,75.44322204589844,154.2275390625,93.47200012207031,71.03953552246094,35.861331939697266,27.428638458251953,87.8499984741211,141.67881774902344,52.37504577636719,89.98632049560547,118.38778686523438,214.0717315673828,145.69000244140625,117.76692199707031
2020-01-15,3289.2900390625,9258.7001953125,29030.220703125,1682.4000244140625,12.420000076293945,75.11991882324219,155.22633361816406,93.10099792480469,71.46709442138672,34.56666564941406,27.478452682495117,88.29000091552734,141.82325744628906,52.29179000854492,89.85478210449219,116.61366271972656,213.67958068847656,146.5399932861328,118.54790496826172
2020-01-16,3316.81005859375,9357.1298828125,29297.640625,1705.219970703125,12.319999694824219,76.06090545654297,158.0706024169922,93.89700317382812,72.01133728027344,34.232666015625,28.126060485839844,89.54000091552734,143.4792938232422,52.08744430541992,90.44283294677734,117.06571960449219,217.60963439941406,146.30999755859375,118.17445373535156
2020-01-17,3329.6201171875,9388.9404296875,29348.099609375,1699.6400146484375,12.100000381469727,76.9029769897461,158.95530700683594,93.23600006103516,73.46926879882812,34.03333282470703,28.295433044433594,89.69999694824219,144.67318725585938,51.890655517578125,89.42923736572266,117.87602233886719,217.38314819335938,146.5800018310547,117.16423034667969
2020-01-21,3320.7900390625,9370.8095703125,29196.0390625,1685.9000244140625,12.850000381469727,76.38182830810547,158.38453674316406,94.5999984741211,73.6048355102539,36.47999954223633,27.099853515625,85.79000091552734,139.00218200683594,51.148921966552734,87.67282104492188,116.71603393554688,214.10659790039062,146.74000549316406,118.39512634277344
2020-01-22,3321.75,9383.76953125,29186.26953125,1684.4599609375,12.90999984741211,76.65445709228516,157.62351989746094,94.37300109863281,73.6852798461914,37.97066879272461,27.219409942626953,83.33999633789062,138.76145935058594,50.85375213623047,87.35559844970703,116.57954406738281,215.2830047607422,146.7899932861328,118.81111145019531
2020-01-23,3325.5400390625,9402.48046875,29160.08984375,1685.010009765625,12.979999542236328,77.02362823486328,158.5938262939453,94.22899627685547,73.72599792480469,38.14666748046875,28.693960189819336,84.87999725341797,139.57028198242188,50.53586196899414,87.51033782958984,116.46016693115234,214.0020294189453,147.1199951171875,119.64302825927734
2020-01-24,3295.469970703125,9314.91015625,28989.73046875,1662.22998046875,14.5600004196167,76.80164337158203,156.99566650390625,93.08200073242188,72.80635833740234,37.654666900634766,27.538230895996094,81.9000015258789,135.7767333984375,50.19527816772461,86.54318237304688,113.56869506835938,210.8126678466797,147.97999572753906,120.61075592041016
2020-01-27,3243.6298828125,9139.3095703125,28535.80078125,1644.1400146484375,18.229999542236328,74.54325866699219,154.3701934814453,91.41699981689453,71.09615325927734,37.201332092285156,26.013866424560547,77.62999725341797,132.8690185546875,48.999427795410156,85.41349792480469,112.61338806152344,207.51870727539062,148.99000549316406,122.48683166503906
2020-01-28,3276.239990234375,9269.6796875,28722.849609375,1658.31005859375,16.280000686645508,76.65203857421875,157.39523315429688,92.6624984741211,72.0282211303711,37.793331146240234,26.80095672607422,77.05000305175781,135.9982147216797,48.93132019042969,85.97833251953125,114.66046142578125,211.3877716064453,147.66000366210938,121.52752685546875
2020-01-29,3273.39990234375,9275.16015625,28734.44921875,1649.219970703125,16.389999389648438,78.2565689086914,159.8494415283203,92.9000015258789,72.33609008789062,38.732666015625,26.701324462890625,75.20999908447266,137.30764770507812,48.52260208129883,85.39803314208984,114.4898452758789,209.2440948486328,148.4600067138672,122.71597290039062
2020-01-30,3283.659912109375,9298.9296875,28859.439453125,1648.219970703125,15.489999771118164,78.14315795898438,164.35845947265625,93.53399658203125,72.21443939208984,42.72066879272461,27.617937088012695,77.75,137.9815673828125,49.037269592285156,86.19500732421875,115.90573120117188,212.73846435546875,148.47000122070312,122.73294830322266
2020-01-31,3225.52001953125,9150.9404296875,28256.029296875,1614.06005859375,18.84000015258789,74.67838287353516,161.9327392578125,100.43599700927734,71.14828491210938,43.371334075927734,26.741178512573242,74.80000305175781,134.85243225097656,47.01643753051758,82.89884185791016,112.89484405517578,207.17884826660156,149.3300018310547,123.85348510742188
2020-02-03,3248.919921875,9273.400390625,28399.810546875,1632.2099609375,17.969999313354492,74.47329711914062,165.8804473876953,100.20999908447266,73.6222152709961,52.0,27.059999465942383,74.91000366210938,136.2196502685547,45.964393615722656,82.23344421386719,113.75634002685547,208.2768096923828,148.36000061035156,123.7531967163086
2020-02-04,3297.590087890625,9467.9697265625,28807.630859375,1656.77001953125,16.049999237060547,76.93191528320312,171.3406219482422,102.4834976196289,71.77545166015625,59.137332916259766,28.43000030517578,78.88999938964844,141.9195098876953,45.38917541503906,82.67446899414062,115.39395904541016,210.83009338378906,146.42999267578125,122.08659362792969
2020-02-05,3334.68994140625,9508.6796875,29290.849609375,1681.9200439453125,15.149999618530273,77.55925750732422,171.13136291503906,101.99349975585938,71.8072280883789,48.97999954223633,29.100000381469727,81.8499984741211,142.21798706054688,47.47813415527344,85.3283920288086,117.35569763183594,212.88661193847656,146.61000061035156,120.75164794921875
2020-02-06,3345.780029296875,9572.150390625,29379.76953125,1677.4599609375,14.960000038146973,78.46646881103516,174.6795654296875,102.5114974975586,73.29299926757812,49.930667877197266,28.299999237060547,80.5,140.78338623046875,46.834800720214844,84.71713256835938,117.37281036376953,210.72549438476562,147.39999389648438,121.2957763671875
2020-02-07,3327.7099609375,9520.509765625,29102.509765625,1656.780029296875,15.470000267028809,77.39990997314453,174.92689514160156,103.96399688720703,73.44891357421875,49.871334075927734,28.3799991607666,79.4800033569336,138.71334838867188,46.524478912353516,84.29158020019531,116.99748992919922,207.3966827392578,147.7899932861328,122.80940246582031
2020-02-10,3352.090087890625,9628.3896484375,29276.8203125,1667.6700439453125,15.039999961853027,77.76750946044922,179.50247192382812,106.69550323486328,74.91629028320312,51.41866683959961,28.790000915527344,79.47000122070312,140.3115997314453,46.03313446044922,84.94926452636719,117.483642578125,206.83900451660156,148.1699981689453,123.14947509765625
2020-02-11,3357.75,9638.9404296875,29276.33984375,1677.510009765625,15.180000305175781,77.29833221435547,175.4500732421875,107.54000091552734,74.98582458496094,51.62533187866211,29.84000015258789,80.52999877929688,141.71734619140625,46.47073745727539,86.04798126220703,117.70542907714844,206.05471801757812,147.66000366210938,122.52874755859375
2020-02-12,3379.449951171875,9725.9599609375,29551.419921875,1689.3800048828125,13.739999771118164,79.13398742675781,175.7069549560547,108.0,75.411376953125,51.15266799926758,30.469999313354492,82.19999694824219,145.17388916015625,47.03886413574219,86.690185546875,117.70542907714844,207.9630889892578,147.5399932861328,121.90802764892578
2020-02-13,3373.93994140625,9711.9697265625,29423.310546875,1693.739990234375,14.149999618530273,78.57047271728516,174.75572204589844,107.49349975585938,75.15118408203125,53.599998474121094,30.09000015258789,80.98999786376953,141.2648162841797,46.77783203125,86.39615631103516,117.60305786132812,207.70166015625,148.3800048828125,122.37569427490234
2020-02-14,3380.159912109375,9731.1796875,29398.080078125,1687.5799560546875,13.680000305175781,78.58979797363281,176.31576538085938,106.74349975585938,75.41635131835938,53.33533477783203,29.200000762939453,79.55000305175781,139.5124969482422,46.562870025634766,86.16914367675781,117.24485778808594,206.594970703125,149.0,122.91136932373047
2020-02-18,3370.2900390625,9732.740234375,29232.189453125,1683.52001953125,14.829999923706055,77.15079498291016,178.1040802001953,107.78350067138672,75.45160675048828,57.22666549682617,28.6299991607666,80.23999786376953,139.55101013183594,45.971710205078125,86.29438781738281,115.69249725341797,203.22262573242188,150.91000366210938,123.7531967163086
2020-02-19,3386.14990234375,9817.1796875,29348.029296875,1692.5699462890625,14.380000114440918,78.26812744140625,178.6382598876953,108.51100158691406,75.72125244140625,61.16133117675781,28.329999923706055,79.41999816894531,142.1409912109375,46.32487106323242,86.68577575683594,117.27044677734375,206.81285095214844,151.7899932861328,123.74469757080078
2020-02-20,3373.22998046875,9750.9697265625,29219.98046875,1696.0699462890625,15.5600004196167,77.46519470214844,175.9102325439453,107.65499877929688,75.32994842529297,59.96066665649414,28.510000228881836,79.91000366210938,141.38038635253906,45.95635986328125,85.95779418945312,117.27044677734375,202.8043212890625,152.41000366210938,124.71405792236328
2020-02-21,3337.75,9576.58984375,28992.41015625,1678.6099853515625,17.079999923706055,75.7117691040039,170.34925842285156,104.79850006103516,73.66492462158203,60.06666564941406,27.81999969482422,78.01000213623047,137.9141845703125,45.39592742919922,85.33158111572266,115.83748626708984,200.96563720703125,154.6999969482422,125.87896728515625
2020-02-24,3225.889892578125,9221.2802734375,27960.80078125,1628.0999755859375,25.030000686645508,72.11544036865234,163.00454711914062,100.4645004272461,70.5067138671875,55.58599853515625,25.450000762939453,75.47000122070312,129.81690979003906,43.2692985534668,81.96556854248047,112.72425842285156,195.6674346923828,156.08999633789062,127.75812530517578
2020-02-25,3128.2099609375,8965.6103515625,27081.359375,1571.9000244140625,27.850000381469727,69.67272186279297,160.31468200683594,98.63700103759766,68.8411865234375,53.32733154296875,23.1200008392334,70.56999969482422,119.46658325195312,41.61100769042969,78.83444213867188,107.69194030761719,189.6285400390625,153.3000030517578,128.43838500976562
2020-02-26,3116.389892578125,8980.7802734375,26957.58984375,1552.760009765625,27.559999465942383,70.77799224853516,162.3177490234375,98.97949981689453,69.04727172851562,51.91999816894531,22.309999465942383,66.52999877929688,115.72122955322266,40.69740295410156,76.74439239501953,108.01605987548828,188.0338592529297,153.97000122070312,127.75812530517578
2020-02-27,2978.760009765625,8566.48046875,25766.640625,1497.8699951171875,39.15999984741211,66.15133666992188,150.88101196289062,94.21499633789062,65.29713439941406,45.266666412353516,20.600000381469727,64.94000244140625,115.65355682373047,38.24834442138672,73.6836929321289,103.52106475830078,179.2412872314453,154.0,129.14404296875
2020-02-28,2954.219970703125,8567.3701171875,25409.359375,1476.4300537109375,40.11000061035156,66.11265563964844,154.5343017578125,94.1875,66.50381469726562,44.53266525268555,19.049999237060547,61.59000015258789,119.8682861328125,39.4920654296875,73.06531524658203,99.03460693359375,176.02365112304688,148.3800048828125,132.06063842773438
2020-03-02,3090.22998046875,8952.169921875,26703.3203125,1518.489990234375,33.41999816894531,72.2677993774414,164.81686401367188,97.69750213623047,68.8411865234375,49.574668884277344,18.860000610351562,61.2599983215332,118.8629379272461,41.365325927734375,75.60935974121094,103.64901733398438,183.65130615234375,149.1999969482422,131.08905029296875
2020-03-03,3003.3701171875,8684.08984375,25917.41015625,1486.0799560546875,36.81999969482422,69.9726333618164,156.9189453125,95.44950103759766,66.42784118652344,49.70066833496094,17.850000381469727,58.290000915527344,110.47215270996094,39.38457489013672,73.88722229003906,99.75963592529297,178.3557586669922,153.88999938964844,133.12425231933594
2020-03-04,3130.1201171875,9018.08984375,27090.859375,1531.199951171875,31.989999771118164,73.21827697753906,162.68023681640625,98.79149627685547,68.6068115234375,49.96666717529297,18.530000686645508,59.470001220703125,114.38721466064453,40.244449615478516,77.12796783447266,102.22461700439453,183.01129150390625,154.16000366210938,131.71070861816406
2020-03-05,3023.93994140625,8738.58984375,26121.279296875,1478.8199462890625,39.619998931884766,70.8432846069336,158.5977325439453,96.20149993896484,65.28771209716797,48.30266571044922,16.040000915527344,51.59000015258789,106.54744720458984,38.470985412597656,76.07903289794922,97.20934295654297,174.28765869140625,157.49000549316406,134.9892120361328
2020-03-06,2972.3701171875,8575.6201171875,25864.779296875,1449.219970703125,41.939998626708984,69.9024887084961,154.11460876464844,95.05449676513672,64.34321594238281,46.89866638183594,15.970000267028809,52.099998474121094,106.9727783203125,36.61307144165039,74.61520385742188,92.18553161621094,169.07984924316406,157.5500030517578,142.01454162597656
2020-03-09,2746.56005859375,7950.68017578125,23851.01953125,1313.43994140625,54.459999084472656,64.37374877929688,143.66986083984375,90.03050231933594,60.37310791015625,40.53333282470703,14.75,46.779998779296875,100.71835327148438,32.137210845947266,63.14738845825195,79.69851684570312,151.50990295410156,157.80999755859375,145.863525390625
2020-03-10,2882.22998046875,8344.25,25018.16015625,1350.9000244140625,47.29999923706055,69.01004028320312,153.49459838867188,94.59100341796875,63.32176971435547,43.02199935913086,17.0,52.560001373291016,106.31543731689453,33.32719421386719,66.5212173461914,85.8908462524414,161.6274871826172,154.47999572753906,138.3868408203125
2020-03-11,2741.3798828125,7952.0498046875,23553.220703125,1264.300048828125,53.900001525878906,66.61329650878906,146.54103088378906,91.04299926757812,60.130271911621094,42.28200149536133,16.260000228881836,49.34000015258789,96.77429962158203,32.229339599609375,64.9947738647461,81.84791564941406,150.70333862304688,153.92999267578125,133.29457092285156
2020-03-12,2480.639892578125,7201.7998046875,21200.619140625,1122.9300537109375,75.47000122070312,60.0349235534668,132.64329528808594,83.83049774169922,55.196807861328125,37.369998931884766,13.449999809265137,37.08000183105469,90.58755493164062,28.544227600097656,59.695308685302734,75.10118103027344,132.10760498046875,147.7899932861328,134.12054443359375
2020-03-13,2711.02001953125,7874.8798828125,23185.619140625,1210.1300048828125,57.83000183105469,67.22759246826172,151.5010528564453,89.25,60.29762268066406,36.44133377075195,14.3100004196167,41.63999938964844,92.42424774169922,29.26589584350586,65.30005645751953,88.6287841796875,155.33251953125,143.27999877929688,131.08905029296875
2020-03-16,2386.1298828125,6904.58984375,20188.51953125,1037.4200439453125,82.69000244140625,58.578983306884766,129.1712646484375,84.4574966430664,53.28250503540039,29.67133331298828,15.920000076293945,35.470001220703125,83.54047393798828,26.47903060913086,54.56022644042969,75.3656005859375,135.59707641601562,141.63999938964844,139.5791015625
2020-03-17,2529.18994140625,7334.77978515625,21237.380859375,1106.510009765625,75.91000366210938,61.15470504760742,139.8067626953125,90.39199829101562,55.52007293701172,28.68000030517578,15.579999923706055,30.670000076293945,72.73297882080078,28.260168075561523,55.3351936340332,79.97147369384766,139.11276245117188,143.55999755859375,130.27159118652344
2020-03-18,2398.10009765625,6989.83984375,19898.919921875,991.1599731445312,76.44999694824219,59.65763473510742,133.92147827148438,91.5,54.1857795715332,24.08133316040039,11.649999618530273,21.3799991607666,61.6838264465332,25.4272403717041,43.09239959716797,71.55294799804688,122.76150512695312,140.6999969482422,122.92262268066406
2020-03-19,2409.389892578125,7150.580078125,20087.189453125,1058.75,72.0,59.200538635253906,136.12489318847656,94.04650115966797,55.202762603759766,28.50933265686035,10.289999961853027,21.280000686645508,64.5741958618164,26.432971954345703,44.92412567138672,72.75560760498047,131.06431579589844,138.0399932861328,126.26921844482422
2020-03-20,2304.919921875,6879.52001953125,19173.98046875,1013.8900146484375,66.04000091552734,55.44215774536133,131.01219177246094,92.30449676513672,53.044647216796875,28.50200080871582,10.380000114440918,24.5,72.09497833251953,25.1355037689209,46.48969650268555,71.22032928466797,121.3499755859375,140.11000061035156,135.76406860351562
2020-03-23,2237.39990234375,6860.669921875,18591.9296875,1002.4000244140625,61.59000015258789,54.26434326171875,129.7054443359375,95.1415023803711,52.3454704284668,28.952667236328125,10.25,26.25,67.79324340820312,24.145132064819336,42.44269561767578,67.40768432617188,118.3339614868164,146.3000030517578,141.3588104248047
2020-03-24,2447.330078125,7417.85986328125,20704.91015625,1096.5400390625,61.66999816894531,59.708431243896484,141.4950714111328,97.00499725341797,56.11347961425781,33.66666793823242,13.920000076293945,33.0,76.50303649902344,27.208372116088867,52.09444808959961,75.42530822753906,134.6676788330078,153.39999389648438,138.72750854492188
2020-03-25,2475.56005859375,7384.2998046875,21200.55078125,1110.3699951171875,63.95000076293945,59.3795051574707,140.14060974121094,94.29199981689453,54.70370101928711,35.95000076293945,15.390000343322754,36.599998474121094,82.4094467163086,28.628679275512695,54.2236213684082,78.239990234375,136.00912475585938,151.3000030517578,138.4124298095703
2020-03-26,2630.070068359375,7797.5400390625,22552.169921875,1180.3199462890625,61.0,62.504241943359375,148.90655517578125,97.77449798583984,57.747703552246094,35.21066665649414,15.65999984741211,35.54999923706055,80.05075073242188,29.803306579589844,59.78923797607422,83.69027709960938,145.3551788330078,153.24000549316406,139.09361267089844
2020-03-27,2541.469970703125,7502.3798828125,21636.779296875,1131.989990234375,65.54000091552734,59.91641616821289,142.79234313964844,95.00499725341797,55.132747650146484,34.29066848754883,14.039999961853027,32.84000015258789,76.22269439697266,28.36764144897461,53.84006118774414,77.72824096679688,138.8234405517578,152.25,142.80641174316406
2020-03-30,2626.64990234375,7774.14990234375,22327.48046875,1158.3199462890625,57.08000183105469,61.626312255859375,152.83644104003906,98.19750213623047,56.92289352416992,33.47533416748047,12.25,30.15999984741211,73.62232971191406,28.789907455444336,56.32147979736328,79.74968719482422,139.94566345214844,152.9199981689453,141.63133239746094
2020-03-31,2584.590087890625,7700.10009765625,21917.16015625,1153.0999755859375,53.540000915527344,61.500545501708984,150.43276977539062,97.48600006103516,57.69954299926758,34.93333435058594,12.1899995803833,31.549999237060547,72.31729888916016,29.150737762451172,56.7207145690918,76.78998565673828,135.53564453125,148.0500030517578,140.4817352294922
2020-04-01,2470.5,7360.580078125,20943.509765625,1071.989990234375,57.060001373291016,58.26457214355469,145.0911102294922,95.38500213623047,54.727535247802734,32.104000091552734,10.6899995803833,25.649999618530273,66.84591674804688,28.812936782836914,53.6678466796875,71.9538345336914,127.3819351196289,149.4499969482422,142.44996643066406
2020-04-02,2526.89990234375,7487.31005859375,21413.439453125,1085.81005859375,50.90999984741211,59.236812591552734,148.09576416015625,95.94149780273438,55.468929290771484,30.29800033569336,10.0600004196167,23.420000076293945,60.90081787109375,31.016319274902344,59.58572006225586,74.64057159423828,131.45008850097656,151.89999389648438,143.3539276123047
2020-04-03,2488.64990234375,7373.080078125,21052.529296875,1052.050048828125,46.79999923706055,58.38549041748047,146.7317657470703,95.32949829101562,54.26075744628906,32.000667572021484,9.390000343322754,22.889999389648438,57.11143493652344,30.10272979736328,58.795101165771484,72.43439483642578,128.81980895996094,152.64999389648438,143.69500732421875
2020-04-06,2663.679931640625,7913.240234375,22679.990234375,1138.780029296875,45.2400016784668,63.47889709472656,157.64393615722656,99.87950134277344,58.754268646240234,34.41600036621094,9.5,24.020000457763672,68.2379150390625,31.0700626373291,62.928199768066406,77.09673309326172,138.72703552246094,156.8800048828125,143.31983947753906
2020-04-07,2659.409912109375,7887.259765625,22653.859375,1139.1700439453125,46.70000076293945,62.743675231933594,155.946044921875,100.58000183105469,58.722984313964844,36.36333465576172,10.220000267028809,24.479999542236328,71.36029815673828,31.661211013793945,63.343082427978516,78.11366271972656,145.5568389892578,156.0399932861328,141.81887817382812
2020-04-08,2749.97998046875,8090.89990234375,23433.5703125,1191.6600341796875,43.349998474121094,64.34955596923828,157.51034545898438,102.1500015258789,59.93661117553711,36.589332580566406,11.329999923706055,27.510000228881836,79.78009033203125,33.66498947143555,67.30399322509766,81.26785278320312,155.1483917236328,154.64999389648438,140.7870330810547
2020-04-09,2789.820068359375,8153.580078125,23719.369140625,1246.72998046875,41.66999816894531,64.81392669677734,157.51991271972656,102.13800048828125,59.91525650024414,38.20000076293945,12.510000228881836,31.5,78.60072326660156,33.11223220825195,65.99673461914062,88.55868530273438,161.54864501953125,158.69000244140625,141.04281616210938
2020-04-13,2761.6298828125,8192.419921875,23390.76953125,1212.0400390625,41.16999816894531,66.08605194091797,157.872802734375,108.44349670410156,60.10594177246094,43.39666748046875,11.5600004196167,28.90999984741211,75.48802185058594,32.82815933227539,66.46641540527344,84.62025451660156,157.09474182128906,161.41000366210938,139.75514221191406
2020-04-14,2846.06005859375,8515.740234375,23949.759765625,1237.3299560546875,37.7599983215332,69.42362213134766,165.68490600585938,114.16600036621094,62.82817077636719,47.32600021362305,11.949999809265137,30.899999618530273,79.92506408691406,32.57481384277344,66.23157501220703,82.302001953125,156.26185607910156,162.67999267578125,139.7210235595703
2020-04-15,2783.360107421875,8393.1796875,23504.349609375,1183.97998046875,40.84000015258789,68.78997039794922,163.9488983154297,115.38400268554688,62.43438720703125,48.65533447265625,12.289999961853027,31.860000610351562,78.04005432128906,31.07774543762207,64.57206726074219,78.2429428100586,156.51611328125,161.85000610351562,143.42214965820312
2020-04-16,2799.550048828125,8532.3603515625,23537.6796875,1178.0899658203125,40.11000061035156,69.33657836914062,168.87074279785156,120.40950012207031,62.44083786010742,49.680667877197266,11.069999694824219,28.209999084472656,77.71138763427734,30.05666732788086,62.6151008605957,75.2610855102539,155.21853637695312,161.7100067138672,145.0509490966797
2020-04-17,2874.56005859375,8650.1396484375,24242.490234375,1229.0999755859375,38.150001525878906,68.395751953125,170.3588104248047,118.75,63.5119514465332,50.259334564208984,11.569999694824219,29.079999923706055,81.45244598388672,33.18132400512695,68.23550415039062,82.02623748779297,160.87355041503906,158.57000732421875,143.1066436767578
2020-04-20,2823.159912109375,8560.73046875,23650.439453125,1213.3499755859375,43.83000183105469,66.97607421875,166.9821319580078,119.68049621582031,62.62556838989258,49.75733184814453,11.0600004196167,27.790000915527344,77.11203002929688,31.61514663696289,65.41748046875,79.0357894897461,158.16439819335938,159.6999969482422,144.2578887939453
2020-04-21,2736.56005859375,8263.23046875,23018.880859375,1185.0899658203125,45.40999984741211,64.90584564208984,160.0762481689453,116.40599822998047,60.19284439086914,45.781333923339844,11.0,27.8799991607666,77.23771667480469,31.44624900817871,63.90669631958008,76.7433853149414,152.38665771484375,158.61000061035156,146.07427978515625
2020-04-22,2799.31005859375,8495.3798828125,23475.8203125,1201.52001953125,41.97999954223633,66.77534484863281,165.51324462890625,118.17449951171875,62.489505767822266,48.807334899902344,10.270000457763672,25.8799991607666,77.35370635986328,32.34449768066406,66.0985107421875,76.99332427978516,154.2891845703125,161.72999572753906,144.58192443847656
2020-04-23,2797.800048828125,8494.75,23515.259765625,1214.06005859375,41.380001068115234,66.51656341552734,163.51011657714844,119.97250366210938,63.123130798339844,47.04199981689453,10.25,25.719999313354492,78.3977279663086,33.357906341552734,67.94586944580078,77.03640747070312,153.47384643554688,163.33999633789062,145.349365234375
2020-04-24,2836.739990234375,8634.51953125,23775.26953125,1233.050048828125,35.93000030517578,68.43685913085938,166.49569702148438,120.51100158691406,63.39277267456055,48.34333419799805,10.3100004196167,25.559999465942383,78.02071380615234,33.57286071777344,68.11026763916016,78.17399597167969,155.18344116210938,162.63999938964844,145.69056701660156
2020-04-27,2878.47998046875,8730.16015625,24133.779296875,1281.8800048828125,33.290000915527344,68.48523712158203,166.01870727539062,118.80000305175781,63.10773849487305,53.25,10.020000457763672,25.0,82.42877197265625,33.73408889770508,70.22377014160156,81.54360961914062,160.91734313964844,161.55999755859375,142.9786834716797
2020-04-28,2863.389892578125,8607.73046875,24101.55078125,1298.0799560546875,33.56999969482422,67.37513732910156,161.974365234375,115.7040023803711,61.20734405517578,51.27466583251953,11.260000228881836,27.84000015258789,84.50713348388672,34.52484893798828,70.3803482055664,82.12103271484375,163.9596405029297,160.83999633789062,144.62457275390625
2020-04-29,2939.510009765625,8914.7099609375,24633.859375,1360.760009765625,31.229999542236328,69.58807373046875,169.2427978515625,118.635498046875,66.6493148803711,53.367332458496094,12.630000114440918,31.209999084472656,92.79159545898438,36.43649673461914,74.06726837158203,84.33587646484375,166.60743713378906,161.72999572753906,143.87416076660156
2020-04-30,2912.429931640625,8889.5498046875,24345.720703125,1310.6600341796875,34.150001525878906,71.05611419677734,170.94064331054688,123.69999694824219,66.87376403808594,52.12533187866211,12.010000228881836,29.579999923706055,87.90985870361328,35.676448822021484,72.01636505126953,82.52607727050781,160.81216430664062,158.8000030517578,142.19415283203125
2020-05-01,2830.7099609375,8604.9501953125,23723.689453125,1260.47998046875,37.189998626708984,69.91216278076172,166.5147705078125,114.302001953125,65.41482543945312,46.75466537475586,10.640000343322754,26.6200008392334,81.92610931396484,33.119903564453125,70.0124282836914,80.36294555664062,155.27113342285156,159.77999877929688,143.4118194580078
2020-05-04,2842.739990234375,8710.7099609375,23749.759765625,1263.969970703125,35.970001220703125,70.90135192871094,170.5876922607422,115.79949951171875,65.69190216064453,50.74599838256836,9.819999694824219,25.260000228881836,79.82839965820312,34.45575714111328,71.5780029296875,79.4063491821289,154.33303833007812,160.33999633789062,142.73719787597656
2020-05-05,2868.43994140625,8809.1201171875,23883.08984375,1273.510009765625,33.61000061035156,71.96549224853516,172.41912841796875,115.88999938964844,66.98896026611328,51.2140007019043,9.510000228881836,24.1200008392334,80.87244415283203,34.41736602783203,72.7130355834961,79.28570556640625,156.32321166992188,161.02000427246094,141.8234405517578
2020-05-06,2848.419921875,8854.3896484375,23664.640625,1263.010009765625,34.119998931884766,72.7079849243164,174.11700439453125,117.56300354003906,66.81070709228516,52.172000885009766,9.25,22.90999984741211,78.40739440917969,33.77247619628906,70.48994445800781,77.79478454589844,155.1133270263672,158.9499969482422,139.53509521484375
2020-05-07,2881.18994140625,8979.66015625,23875.890625,1282.9300537109375,31.440000534057617,73.46012115478516,175.12806701660156,118.38050079345703,67.99503326416016,52.00266647338867,9.539999961853027,22.75,83.1151351928711,33.96440505981445,72.51734924316406,78.60489654541016,159.8477325439453,161.38999938964844,141.86622619628906
2020-05-08,2929.800048828125,9121.3203125,24331.3203125,1329.6400146484375,27.979999542236328,75.20860290527344,176.1582489013672,118.98049926757812,68.74287414550781,54.62799835205078,10.140000343322754,25.420000076293945,84.26547241210938,35.45380401611328,74.73263549804688,79.88897705078125,162.53932189941406,160.4199981689453,140.0217742919922
2020-05-11,2930.18994140625,9192.33984375,24221.990234375,1321.239990234375,27.56999969482422,76.39203643798828,178.12318420410156,120.44999694824219,69.69879150390625,54.08599853515625,10.100000381469727,23.969999313354492,79.5674057006836,35.116004943847656,73.08878326416016,77.53626251220703,160.58419799804688,159.4199981689453,138.9288330078125
2020-05-12,2870.1201171875,9002.5498046875,23764.779296875,1275.5400390625,33.040000915527344,75.51900482177734,174.08836364746094,117.84750366210938,68.28801727294922,53.96066665649414,9.649999618530273,22.760000228881836,76.68670654296875,34.52903747558594,71.31187438964844,75.00253295898438,155.36753845214844,160.0399932861328,140.35479736328125
2020-05-13,2820.0,8863.169921875,23247.970703125,1233.25,35.279998779296875,74.6072006225586,171.45574951171875,118.39600372314453,66.95469665527344,52.73066711425781,9.109999656677246,20.709999084472656,72.7523193359375,32.81509780883789,69.43317413330078,72.4171371459961,150.62442016601562,161.5800018310547,141.3368377685547
2020-05-14,2852.5,8943.7197265625,23625.33984375,1237.550048828125,32.61000061035156,75.06551361083984,172.19973754882812,119.44249725341797,67.37828826904297,53.55533218383789,9.149999618530273,20.299999237060547,76.609375,33.104671478271484,70.48994445800781,75.4248275756836,152.94776916503906,163.00999450683594,142.7200927734375
2020-05-15,2863.699951171875,9014.5595703125,23685.419921875,1256.989990234375,31.889999389648438,74.62171936035156,174.70840454101562,120.48899841308594,68.1827392578125,53.27799987792969,9.039999961853027,19.920000076293945,77.10235595703125,32.86989974975586,69.79325103759766,74.0287094116211,150.68576049804688,163.92999267578125,142.35293579101562
2020-05-18,2953.909912109375,9234.830078125,24597.369140625,1333.68994140625,29.299999237060547,76.37991333007812,176.3776092529297,121.31300354003906,68.78459930419922,54.242000579833984,9.869999885559082,24.1299991607666,90.50056457519531,35.48383331298828,73.51048278808594,77.94992065429688,159.4619903564453,162.69000244140625,139.22772216796875
2020-05-19,2922.93994140625,9185.099609375,24206.859375,1307.719970703125,30.530000686645508,75.93853759765625,175.15667724609375,122.46649932861328,68.24927520751953,53.867332458496094,9.640000343322754,23.68000030517578,87.64884948730469,34.3881721496582,71.18323516845703,76.41588592529297,155.9111785888672,164.25999450683594,139.7485809326172
2020-05-20,2971.610107421875,9375.7802734375,24575.900390625,1346.9300537109375,27.989999771118164,77.41541290283203,177.5862274169922,124.89700317382812,69.97537231445312,54.37066650390625,9.869999885559082,24.90999984741211,89.59186553955078,35.507301330566406,73.8678970336914,78.70830535888672,159.07623291015625,164.64999389648438,140.16696166992188
2020-05-21,2948.510009765625,9284.8798828125,24474.119140625,1347.56005859375,29.530000686645508,76.83824157714844,175.45323181152344,122.33699798583984,69.85569763183594,55.17333221435547,9.890000343322754,25.84000015258789,88.30619812011719,34.873390197753906,73.10538482666016,77.70861053466797,157.9013671875,162.25,140.51705932617188
2020-05-22,2955.449951171875,9324.58984375,24465.16015625,1355.530029296875,28.15999984741211,77.33296966552734,175.52975463867188,121.84400177001953,70.17797088623047,54.45866775512695,9.699999809265137,25.399999618530273,88.01618957519531,34.904701232910156,71.70747375488281,77.10535430908203,157.75233459472656,163.2100067138672,141.3624267578125
2020-05-26,2991.77001953125,9340.2197265625,24995.109375,1393.0699462890625,28.010000228881836,76.80916595458984,173.67408752441406,121.09300231933594,70.5816879272461,54.591331481933594,11.140000343322754,29.540000915527344,91.7572250366211,35.9299201965332,74.1061782836914,82.5777816772461,171.8941650390625,160.88999938964844,139.466796875
2020-05-27,3036.1298828125,9412.3603515625,25548.26953125,1436.3599853515625,27.6200008392334,77.14380645751953,173.90365600585938,120.51950073242188,70.52755737304688,54.68199920654297,11.979999542236328,30.690000534057617,94.69593811035156,36.18818664550781,74.582763671875,87.36077880859375,183.81787109375,161.17999267578125,139.2105255126953
2020-05-28,3029.72998046875,9368.990234375,25400.640625,1400.6700439453125,28.59000015258789,77.1777572631836,173.51148986816406,120.05500030517578,70.42626953125,53.72066879272461,10.979999542236328,28.889999389648438,88.58651733398438,35.249046325683594,72.17609405517578,86.05946350097656,176.41818237304688,161.72000122070312,138.69822692871094
2020-05-29,3044.31005859375,9489.8701171875,25383.109375,1394.0400390625,27.510000228881836,77.10260772705078,175.2810516357422,122.11849975585938,71.18502807617188,55.66666793823242,10.5,28.040000915527344,85.55115509033203,35.585575103759766,72.83534240722656,83.86187744140625,173.3480682373047,162.91000366210938,139.68875122070312
2020-06-01,3055.72998046875,9552.0498046875,25475.01953125,1405.3699951171875,28.229999542236328,78.05078887939453,174.8793182373047,123.552001953125,71.25206756591797,59.87333297729492,11.109999656677246,29.459999084472656,91.86357116699219,36.2194938659668,73.70109558105469,84.97358703613281,176.3828582763672,163.66000366210938,138.748291015625
2020-06-02,3080.820068359375,9608.3798828125,25742.650390625,1418.2099609375,26.84000015258789,78.412109375,176.86888122558594,123.62049865722656,71.62151336669922,58.770668029785156,11.220000267028809,29.90999984741211,92.42424774169922,37.02558135986328,75.21024322509766,85.25798034667969,180.09706115722656,162.60000610351562,138.243896484375
2020-06-03,3122.8701171875,9682.91015625,26269.890625,1452.0899658203125,25.65999984741211,78.8437728881836,177.29928588867188,123.91999816894531,71.46955871582031,58.86399841308594,11.850000381469727,33.650001525878906,96.57130432128906,38.53604507446289,77.18798828125,89.8600082397461,185.76976013183594,159.60000610351562,136.4056396484375
2020-06-04,3112.35009765625,9615.8095703125,26281.8203125,1452.06005859375,25.809999465942383,78.16476440429688,174.96539306640625,123.02999877929688,70.23060607910156,57.62533187866211,16.719999313354492,39.099998474121094,101.3273696899414,38.42646408081055,76.47314453125,91.73014068603516,189.51919555664062,161.27999877929688,134.43060302734375
2020-06-05,3193.929931640625,9814.080078125,27110.98046875,1507.1500244140625,24.520000457763672,80.39096069335938,179.0592803955078,124.1500015258789,71.5078125,59.04399871826172,18.59000015258789,42.40999984741211,104.36273193359375,41.54128646850586,80.07120513916016,95.858154296875,192.25405883789062,158.00999450683594,133.4730224609375
2020-06-08,3232.389892578125,9924.75,27572.439453125,1536.8900146484375,25.809999465942383,80.86630249023438,180.16880798339844,126.2030029296875,71.90605163574219,63.327999114990234,20.309999465942383,48.689998626708984,109.3701400756836,42.84042739868164,82.0013198852539,97.7713623046875,194.80374145507812,159.72000122070312,133.9860076904297
2020-06-09,3207.179931640625,9953.75,27272.30078125,1507.050048828125,27.56999969482422,83.41987609863281,181.54623413085938,130.04299926757812,72.10665893554688,62.711334228515625,18.549999237060547,44.63999938964844,103.74405670166016,41.88562774658203,80.64310455322266,95.26349639892578,192.41287231445312,161.25999450683594,135.50791931152344
2020-06-10,3190.139892578125,10020.349609375,26989.990234375,1467.3900146484375,27.56999969482422,85.5660629272461,188.2801055908203,132.37249755859375,72.73335266113281,68.336669921875,17.020000457763672,39.720001220703125,99.20066833496094,39.639522552490234,77.50569915771484,91.40261840820312,188.37232971191406,163.57000732421875,137.51707458496094
2020-06-11,3002.10009765625,9492.73046875,25128.169921875,1356.219970703125,40.790000915527344,81.45799255371094,178.169677734375,127.89800262451172,69.61485290527344,64.85600280761719,14.380000114440918,33.31999969482422,88.39319610595703,36.1412353515625,70.98468780517578,83.77568817138672,171.26600646972656,162.38999938964844,140.11627197265625
2020-06-12,3041.31005859375,9588.8095703125,25605.5390625,1387.6800537109375,36.09000015258789,82.16127014160156,179.57579040527344,127.2509994506836,70.16209411621094,62.35200119018555,16.739999771118164,39.65999984741211,89.18586730957031,36.916015625,73.38339233398438,86.0680923461914,178.01502990722656,162.6199951171875,138.76541137695312
2020-06-15,3066.590087890625,9726.01953125,25763.16015625,1419.6099853515625,34.400001525878906,83.17738342285156,180.72364807128906,128.63400268554688,70.55040740966797,66.05999755859375,16.700000762939453,39.0,87.76484680175781,36.892539978027344,72.46202850341797,87.25736999511719,182.01148986816406,162.3300018310547,138.84237670898438
2020-06-16,3124.739990234375,9895.8701171875,26289.98046875,1452.260009765625,33.66999816894531,85.38175201416016,185.15228271484375,130.7635040283203,71.82809448242188,65.47533416748047,17.030000686645508,40.209999084472656,90.85823059082031,37.722110748291016,74.68600463867188,87.95541381835938,184.90516662597656,162.25,136.71340942382812
2020-06-17,3113.489990234375,9910.5302734375,26119.609375,1426.530029296875,33.470001220703125,85.262939453125,185.79310607910156,132.0489959716797,72.1295166015625,66.11933135986328,16.979999542236328,39.25,88.09353637695312,36.493408203125,72.70823669433594,85.73197174072266,181.9055938720703,162.55999755859375,137.2777099609375
2020-06-18,3115.340087890625,9943.0498046875,26080.099609375,1427.3299560546875,32.939998626708984,85.29688262939453,187.7826690673828,132.69900512695312,71.21483612060547,66.9306640625,16.489999771118164,39.34000015258789,89.6595458984375,36.72036361694336,73.02597045898438,85.2666015625,179.8323974609375,162.24000549316406,138.73117065429688
2020-06-19,3097.739990234375,9946.1201171875,25871.4609375,1418.6300048828125,35.119998931884766,84.80944061279297,186.66357421875,133.75050354003906,70.74408721923828,66.72666931152344,16.0,36.84000015258789,86.69183349609375,35.984710693359375,71.9854736328125,84.29275512695312,177.88267517089844,164.02999877929688,138.84237670898438
2020-06-22,3117.860107421875,10056.48046875,26024.9609375,1433.530029296875,31.770000457763672,87.02836608886719,191.84788513183594,135.6909942626953,72.03617095947266,66.28800201416016,14.920000076293945,36.540000915527344,87.17517852783203,36.32905578613281,72.74797821044922,83.3792724609375,179.46185302734375,165.08999633789062,138.85948181152344
2020-06-23,3131.2900390625,10131.3701171875,26156.099609375,1439.3399658203125,31.3700008392334,88.88597869873047,193.1295928955078,138.2205047607422,72.69759368896484,66.78533172607422,14.0,36.08000183105469,87.60051727294922,36.54819869995117,72.62882232666016,84.39620971679688,180.6616668701172,166.47999572753906,137.91036987304688
2020-06-24,3050.330078125,9909.169921875,25445.939453125,1389.739990234375,33.84000015258789,87.31695556640625,189.23658752441406,136.72000122070312,71.1443099975586,64.0566635131836,13.039999961853027,33.06999969482422,82.16777801513672,34.82643127441406,69.61056518554688,81.5781021118164,174.69784545898438,165.89999389648438,139.38949584960938
2020-06-25,3083.760009765625,10017.0,25745.599609375,1413.31005859375,32.220001220703125,88.47614288330078,191.6278533935547,137.72900390625,71.56141662597656,65.73200225830078,13.170000076293945,34.689998626708984,81.23974609375,35.35078430175781,70.85758209228516,84.42205047607422,182.7084197998047,165.8000030517578,139.7913818359375
2020-06-26,3009.050048828125,9757.2197265625,25015.55078125,1378.780029296875,34.72999954223633,85.75762939453125,187.79222106933594,134.64349365234375,67.66033935546875,63.982666015625,12.380000114440918,32.88999938964844,78.24305725097656,34.137733459472656,68.6733169555664,79.79415130615234,166.90780639648438,166.5399932861328,141.28759765625
2020-06-29,3053.239990234375,9874.150390625,25595.80078125,1421.2099609375,31.780000686645508,87.73407745361328,189.8105010986328,134.0189971923828,69.3799819946289,67.29000091552734,13.319999694824219,35.27000045776367,83.71444702148438,34.685569763183594,69.63440704345703,80.14752197265625,170.6837158203125,166.6300048828125,140.84307861328125
2020-06-30,3100.2900390625,10058.76953125,25812.880859375,1441.3699951171875,30.43000030517578,88.46644592285156,194.6600341796875,137.9409942626953,70.41682434082031,71.98733520507812,13.069999694824219,34.61000061035156,82.87345123291016,34.99861526489258,70.87348937988281,81.0610122680664,174.3449249267578,167.3699951171875,140.15908813476562
2020-07-01,3115.860107421875,10154.6298828125,25734.970703125,1427.31005859375,28.6200008392334,88.29911041259766,195.7982635498047,143.93499755859375,71.60613250732422,74.64199829101562,12.8100004196167,34.45000076293945,83.73379516601562,34.20816421508789,69.59468078613281,80.37156677246094,174.30087280273438,166.6199951171875,139.8868408203125
2020-07-02,3130.010009765625,10207.6298828125,25827.359375,1431.8599853515625,27.68000030517578,88.29911041259766,197.29042053222656,144.51499938964844,72.99305725097656,80.57733154296875,12.5,34.13999938964844,84.87447357177734,34.49774169921875,70.14273071289062,80.63263702392578,174.15087890625,166.97999572753906,140.03233337402344
2020-07-06,3179.719970703125,10433.650390625,26287.029296875,1442.8800048828125,27.940000534057617,90.66112518310547,201.53732299804688,152.8520050048828,74.46887969970703,91.43866729736328,12.800000190734863,35.209999084472656,86.83683776855469,34.74034118652344,70.34925079345703,82.66889953613281,182.9378204345703,167.97999572753906,139.4588623046875
2020-07-07,3145.320068359375,10343.8896484375,25890.1796875,1416.0,29.43000030517578,90.37984466552734,199.1938934326172,150.00599670410156,73.98571014404297,92.65733337402344,11.90999984741211,32.54999923706055,84.5168228149414,33.84033203125,68.5541763305664,80.33676147460938,175.88002014160156,169.0399932861328,141.41905212402344
2020-07-08,3169.93994140625,10492.5,26067.279296875,1427.4000244140625,28.079999923706055,92.48478698730469,203.57469177246094,154.0554962158203,74.66502380371094,91.05867004394531,11.989999771118164,32.529998779296875,86.99150848388672,33.76207733154297,68.58595275878906,81.1895523071289,178.4296417236328,170.08999633789062,140.85411071777344
2020-07-09,3152.050048828125,10547.75,25706.08984375,1398.9200439453125,29.260000228881836,92.88250732421875,204.99990844726562,159.13150024414062,75.4128646850586,92.9520034790039,11.180000305175781,30.170000076293945,83.37611389160156,32.369014739990234,65.71858978271484,79.43174743652344,173.64801025390625,169.6300048828125,143.09678649902344
2020-07-10,3185.0400390625,10617.4404296875,26075.30078125,1422.6800537109375,27.290000915527344,93.0449447631836,204.3782196044922,160.0,76.42340850830078,102.97666931152344,11.9399995803833,32.66999816894531,85.56082153320312,33.37859344482422,67.69635772705078,83.77405548095703,181.34979248046875,169.19000244140625,142.3777618408203
2020-07-13,3155.219970703125,10390.83984375,26085.80078125,1403.5699462890625,32.189998626708984,92.61572265625,198.065185546875,155.1999969482422,75.09358215332031,99.80400085449219,11.630000114440918,31.760000228881836,84.58448028564453,33.386417388916016,67.83139038085938,84.97492218017578,184.27877807617188,169.39999389648438,142.84860229492188
2020-07-14,3197.52001953125,10488.580078125,26642.58984375,1428.260009765625,29.520000457763672,94.14839172363281,199.28955078125,154.1999969482422,75.5221176147461,101.12000274658203,11.569999694824219,31.739999771118164,84.21713256835938,34.489906311035156,70.17449951171875,85.46224975585938,188.80459594726562,170.19000244140625,143.05398559570312
2020-07-15,3226.56005859375,10550.490234375,26870.099609375,1478.27001953125,27.760000228881836,94.79586791992188,198.99301147460938,150.44349670410156,75.3244857788086,103.06732940673828,13.4399995803833,36.369998931884766,90.89688873291016,34.92817687988281,70.60340881347656,86.78494262695312,191.35423278808594,170.33999633789062,142.38629150390625
2020-07-16,3215.570068359375,10473.830078125,26734.7109375,1467.56005859375,28.0,93.6294174194336,195.05218505859375,149.9949951171875,75.22714233398438,100.04266357421875,12.449999809265137,34.4900016784668,90.0075454711914,34.654258728027344,70.18244934082031,87.02859497070312,189.38687133789062,168.72999572753906,143.06259155273438
2020-07-17,3224.72998046875,10503.1904296875,26671.94921875,1473.3199462890625,25.68000030517578,93.44024658203125,194.05738830566406,148.09849548339844,75.32299041748047,100.05599975585938,11.90999984741211,33.91999816894531,88.43185424804688,34.059471130371094,69.25314331054688,85.41873168945312,186.5108184814453,170.1199951171875,142.76296997070312
2020-07-20,3251.840087890625,10767.08984375,26680.869140625,1467.949951171875,24.459999084472656,95.40940856933594,202.398193359375,159.8419952392578,77.6563949584961,109.53333282470703,11.470000267028809,32.33000183105469,85.5318374633789,33.261199951171875,67.7281265258789,84.67036437988281,186.7754669189453,170.94000244140625,143.11395263671875
2020-07-21,3257.300048828125,10680.3603515625,26840.400390625,1487.510009765625,24.84000015258789,94.09260559082031,199.672119140625,156.9145050048828,77.26311492919922,104.55733489990234,11.470000267028809,33.06999969482422,86.96250915527344,34.94383239746094,72.58910369873047,86.50647735595703,187.04898071289062,173.0,143.19955444335938
2020-07-22,3276.02001953125,10706.1298828125,27005.83984375,1490.1400146484375,24.31999969482422,94.35694122314453,202.54165649414062,154.99549865722656,77.70655059814453,106.15533447265625,11.359999656677246,31.670000076293945,87.7841796875,34.12990188598633,72.31112670898438,85.87995147705078,181.7379608154297,175.6300048828125,143.6275634765625
2020-07-23,3235.659912109375,10461.419921875,26652.330078125,1490.199951171875,26.079999923706055,90.06214141845703,193.73220825195312,149.32749938964844,75.31802368164062,100.87133026123047,11.770000457763672,33.22999954223633,86.0054931640625,34.20033645629883,72.28728485107422,86.13231658935547,179.10897827148438,177.17999267578125,145.30526733398438
2020-07-24,3215.6298828125,10363.1796875,26469.890625,1467.550048828125,25.84000015258789,89.83905029296875,192.54611206054688,150.44549560546875,74.89395141601562,94.46666717529297,11.390000343322754,32.880001068115234,84.58448028564453,33.9890251159668,71.58832550048828,85.52314758300781,177.7415313720703,178.6999969482422,145.2966766357422
2020-07-27,3239.409912109375,10536.26953125,26584.76953125,1484.6500244140625,24.739999771118164,91.96821594238281,194.98521423339844,152.760498046875,75.94766998291016,102.63999938964844,11.390000343322754,32.41999816894531,83.39544677734375,34.489906311035156,72.31112670898438,84.32228088378906,179.10897827148438,182.22999572753906,144.7574005126953
2020-07-28,3218.43994140625,10402.08984375,26379.279296875,1469.760009765625,25.440000534057617,90.45743560791016,193.23475646972656,150.01649475097656,74.66751861572266,98.43267059326172,11.770000457763672,33.459999084472656,83.6661376953125,34.082942962646484,70.77815246582031,84.68775939941406,177.8738250732422,183.75,145.75897216796875
2020-07-29,3258.43994140625,10542.9404296875,26539.5703125,1500.6300048828125,24.100000381469727,92.19133758544922,195.18609619140625,151.67649841308594,75.6537094116211,99.94066619873047,11.399999618530273,32.56999969482422,84.2364730834961,34.45859909057617,71.54065704345703,86.7414321899414,178.72079467773438,185.1300048828125,145.5108184814453
2020-07-30,3246.219970703125,10587.8095703125,26313.650390625,1495.0999755859375,24.760000228881836,93.306884765625,195.03302001953125,152.593994140625,76.39161682128906,99.16600036621094,11.180000305175781,31.739999771118164,82.66079711914062,32.76814651489258,68.52239990234375,84.42669677734375,176.02999877929688,183.75999450683594,146.46946716308594
2020-07-31,3271.1201171875,10745.26953125,26428.3203125,1480.4300537109375,24.459999084472656,103.0750503540039,196.09475708007812,158.23399353027344,73.88788604736328,95.38400268554688,11.119999885559082,31.3799991607666,81.03675842285156,32.93250274658203,66.6717300415039,84.09602355957031,174.64491271972656,185.42999267578125,146.3752899169922
2020-08-03,3294.610107421875,10902.7998046875,26664.400390625,1506.800048828125,24.280000686645508,105.67227172851562,207.12335205078125,155.59449768066406,73.63016510009766,99.0,11.079999923706055,31.8700008392334,80.73707580566406,33.065547943115234,67.36276245117188,83.62613677978516,175.90647888183594,185.63999938964844,145.6382598876953
2020-08-04,3306.510009765625,10941.169921875,26828.470703125,1517.2099609375,23.760000228881836,106.37797546386719,204.01467895507812,156.94149780273438,73.16040802001953,99.13333129882812,11.470000267028809,32.290000915527344,83.23111724853516,34.02034378051758,68.69715118408203,83.14752960205078,177.8914794921875,189.58999633789062,147.02662658691406
2020-08-05,3327.77001953125,10998.400390625,27201.51953125,1546.239990234375,22.989999771118164,106.7635726928711,203.6798858642578,160.25149536132812,73.44791412353516,99.00133514404297,12.5600004196167,33.72999954223633,84.36213684082031,34.31773376464844,69.2610855102539,84.592041015625,180.4322509765625,191.35000610351562,145.7410888671875
2020-08-06,3349.159912109375,11108.0703125,27386.98046875,1544.6199951171875,22.649999618530273,110.48847961425781,206.941650390625,161.25,74.7320556640625,99.30533599853516,13.039999961853027,34.400001525878906,87.378173828125,34.15338897705078,69.47554016113281,84.6181411743164,180.19412231445312,193.88999938964844,146.5552520751953
2020-08-07,3351.280029296875,11010.98046875,27433.48046875,1569.1800537109375,22.209999084472656,107.97644805908203,203.2399139404297,158.3730010986328,74.40532684326172,96.84733581542969,13.029999732971191,34.33000183105469,90.65520477294922,33.996864318847656,68.94337463378906,86.4803695678711,183.7406463623047,190.80999755859375,145.57826232910156
2020-08-10,3360.469970703125,10968.3603515625,27791.439453125,1584.6700439453125,22.1299991607666,109.54584503173828,199.1938934326172,157.4080047607422,74.32835388183594,94.57133483886719,14.0,37.540000915527344,93.89360046386719,34.834259033203125,71.27062225341797,87.57682800292969,184.7199249267578,190.14999389648438,144.927001953125
2020-08-11,3333.68994140625,10782.8203125,27686.91015625,1575.0999755859375,24.030000686645508,106.28795623779297,194.5356903076172,154.0334930419922,73.51992797851562,91.6259994506836,13.729999542236328,36.83000183105469,93.77759552001953,35.19425964355469,71.18323516845703,90.34406280517578,186.20204162597656,179.94000244140625,143.20455932617188
2020-08-12,3380.35009765625,11012.240234375,27976.83984375,1583.25,22.280000686645508,109.82039642333984,200.09300231933594,158.11199951171875,74.84577941894531,103.65066528320312,13.539999961853027,36.400001525878906,92.83025360107422,35.186279296875,72.05693817138672,89.57828521728516,187.14605712890625,179.10000610351562,141.9019775390625
2020-08-13,3373.429931640625,11042.5,27896.720703125,1579.7900390625,22.1299991607666,111.76393127441406,199.6243133544922,158.05099487304688,75.31305694580078,108.06666564941406,13.300000190734863,35.810001373291016,93.28459930419922,34.324378967285156,71.34208679199219,89.082275390625,183.84649658203125,183.3300018310547,140.3852081298828
2020-08-14,3372.85009765625,11019.2998046875,27931.01953125,1577.8800048828125,22.049999237060547,111.6643295288086,199.81558227539062,157.4010009765625,74.71617126464844,110.04733276367188,13.329999923706055,36.18000030517578,92.8109359741211,34.476009368896484,71.76307678222656,89.1170883178711,183.47596740722656,182.5399932861328,139.8367462158203
2020-08-17,3381.989990234375,11129.73046875,27844.91015625,1585.469970703125,21.350000381469727,111.3727798461914,201.13558959960938,159.12049865722656,75.29269409179688,122.3759994506836,12.619999885559082,34.400001525878906,92.53057098388672,34.029090881347656,72.0966567993164,86.76754760742188,179.15309143066406,186.5,140.18807983398438
2020-08-18,3389.780029296875,11210.83984375,27778.0703125,1569.77001953125,21.510000228881836,112.30084228515625,202.29298400878906,165.62449645996094,77.25616455078125,125.80599975585938,12.600000381469727,33.97999954223633,91.29322052001953,33.861507415771484,70.60606384277344,85.5579605102539,177.60032653808594,188.17999267578125,141.1907501220703
2020-08-19,3374.85009765625,11146.4599609375,27692.880859375,1572.0699462890625,22.540000915527344,112.4417495727539,201.06568908691406,163.0240020751953,76.70148468017578,125.23533630371094,12.680000305175781,34.439998626708984,90.86788177490234,33.486427307128906,69.60696411132812,85.75811767578125,179.10897827148438,182.24000549316406,140.30812072753906
2020-08-20,3385.510009765625,11264.9501953125,27739.73046875,1564.300048828125,22.719999313354492,114.93677520751953,205.74473571777344,164.86849975585938,78.27264404296875,133.45533752441406,12.5,34.04999923706055,90.88722229003906,32.97566604614258,68.33391571044922,84.73127746582031,178.07675170898438,183.5,141.57640075683594
2020-08-21,3397.159912109375,11311.7998046875,27930.330078125,1552.47998046875,22.540000915527344,120.8597412109375,204.2489776611328,164.23599243164062,78.23888397216797,136.6653289794922,12.15999984741211,33.040000915527344,92.09558868408203,32.728275299072266,68.55145263671875,84.68775939941406,178.58847045898438,182.02999877929688,142.42477416992188
2020-08-24,3431.280029296875,11379.7197265625,28308.4609375,1568.469970703125,22.3700008392334,122.3052749633789,204.8914031982422,165.3730010986328,78.714599609375,134.27999877929688,13.4399995803833,36.31999969482422,94.6282730102539,33.69392013549805,70.25960540771484,87.0721206665039,182.920166015625,181.0,142.19332885742188
2020-08-25,3443.6201171875,11466.4697265625,28248.439453125,1571.2099609375,22.030000686645508,121.30189514160156,207.55694580078125,167.32449340820312,79.74250793457031,134.8893280029297,13.140000343322754,35.220001220703125,95.47896575927734,32.62453079223633,69.39745330810547,87.45500183105469,181.7379608154297,181.22000122070312,141.10508728027344
2020-08-26,3478.72998046875,11665.0595703125,28331.919921875,1560.18994140625,23.270000457763672,122.9515151977539,212.0442352294922,172.09249877929688,81.64340209960938,143.54466247558594,12.789999961853027,34.25,94.1352767944336,31.930213928222656,68.30973052978516,86.22801208496094,182.81431579589844,183.36000061035156,140.56515502929688
2020-08-27,3484.550048828125,11625.33984375,28492.26953125,1564.56005859375,24.469999313354492,121.48167419433594,217.25067138671875,170.0,80.86824798583984,149.25,13.279999732971191,36.220001220703125,98.39832305908203,31.71474266052246,68.41448211669922,89.06486511230469,185.399169921875,181.24000549316406,138.17428588867188
2020-08-28,3508.010009765625,11695.6298828125,28653.869140625,1578.3399658203125,22.959999084472656,121.284912109375,219.48472595214844,170.08999633789062,81.41000366210938,147.55999755859375,13.59000015258789,37.34000015258789,102.71937561035156,32.4728889465332,68.99459838867188,89.43032836914062,183.24661254882812,184.38999938964844,138.07144165039062
2020-08-31,3500.31005859375,11775.4599609375,28430.05078125,1561.8800048828125,26.40999984741211,125.39794921875,216.243896484375,172.54800415039062,80.91839599609375,166.10667419433594,13.050000190734863,36.0,99.48101043701172,31.87435531616211,67.6248550415039,87.18524169921875,181.83534240722656,184.8300018310547,138.98841857910156
2020-09-01,3526.64990234375,11939.669921875,28645.66015625,1578.5799560546875,26.1200008392334,130.39285278320312,217.91224670410156,174.95599365234375,82.18714141845703,158.35000610351562,13.100000381469727,36.0099983215332,99.65501403808594,31.467348098754883,66.94000244140625,87.1417236328125,182.35902404785156,185.0500030517578,140.57809448242188
2020-09-02,3580.840087890625,12056.4404296875,29100.5,1592.2900390625,26.56999969482422,127.69131469726562,222.1118927001953,176.57249450683594,85.28129577636719,149.1233367919922,13.229999542236328,36.88999938964844,100.91169738769531,31.275814056396484,67.02861785888672,88.45571899414062,186.424072265625,182.6199951171875,141.9164581298828
2020-09-03,3455.06005859375,11458.099609375,28292.73046875,1544.6800537109375,33.599998474121094,117.46825408935547,208.35275268554688,168.39999389648438,80.91740417480469,135.6666717529297,13.359999656677246,37.400001525878906,99.65501403808594,31.21196937561035,66.29541778564453,88.17727661132812,184.222900390625,181.13999938964844,142.31961059570312
2020-09-04,3426.9599609375,11313.1298828125,28133.310546875,1535.300048828125,30.75,117.54600524902344,205.4283905029297,164.7310028076172,78.51895141601562,139.44000244140625,13.609999656677246,38.209999084472656,101.3273696899414,31.188024520874023,66.01341247558594,90.08300018310547,187.22286987304688,181.63999938964844,139.61721801757812
2020-09-08,3331.840087890625,10847.6904296875,27500.890625,1504.5899658203125,31.459999084472656,109.63574981689453,194.3155517578125,157.49200439453125,75.6581802368164,110.06999969482422,13.630000114440918,37.279998779296875,100.51535034179688,30.46977424621582,63.628448486328125,86.95027923583984,179.71408081054688,181.2899932861328,140.4751739501953
2020-09-09,3398.9599609375,11141.5595703125,27940.470703125,1526.47998046875,28.809999465942383,114.00872039794922,202.5902099609375,163.4304962158203,76.83158874511719,122.09333038330078,13.050000190734863,36.029998779296875,98.6109848022461,30.286222457885742,64.48251342773438,87.77696990966797,179.48330688476562,183.0500030517578,140.09764099121094
2020-09-10,3339.18994140625,10919.58984375,27534.580078125,1507.75,29.709999084472656,110.28683471679688,196.91397094726562,158.7554931640625,75.77983856201172,123.77999877929688,13.010000228881836,36.45000076293945,97.0353012084961,29.52806282043457,62.967735290527344,86.87195587158203,177.5218048095703,182.4600067138672,140.80972290039062
2020-09-11,3340.969970703125,10853.5498046875,27665.640625,1497.27001953125,26.8700008392334,108.83890533447266,195.629150390625,155.81100463867188,75.26886749267578,124.23999786376953,12.949999809265137,36.06999969482422,95.95263671875,29.44825553894043,62.59710693359375,87.95100402832031,178.32945251464844,182.4499969482422,141.1100311279297
2020-09-14,3383.5400390625,11056.650390625,27993.330078125,1536.969970703125,25.850000381469727,112.10404205322266,196.9523162841797,155.14849853515625,74.92474365234375,139.8733367919922,13.260000228881836,36.7400016784668,101.1920166015625,29.256731033325195,62.27482604980469,89.16928100585938,178.70223999023438,183.88999938964844,141.1014404296875
2020-09-15,3401.199951171875,11190.3203125,27995.599609375,1538.1500244140625,25.59000015258789,112.27896118164062,200.18356323242188,157.80650329589844,76.230224609375,149.9199981689453,13.140000343322754,36.79999923706055,101.87837219238281,28.945493698120117,61.517452239990234,86.39335632324219,175.73780822753906,183.4499969482422,140.75827026367188
2020-09-16,3385.489990234375,11050.4697265625,28032.380859375,1552.3299560546875,26.040000915527344,108.96521759033203,196.60714721679688,153.90499877929688,75.08662414550781,147.25332641601562,13.800000190734863,38.29999923706055,104.1694107055664,30.17449188232422,63.298095703125,86.75883483886719,178.11647033691406,183.97000122070312,140.337890625
2020-09-17,3357.010009765625,10910.2802734375,27901.98046875,1542.5999755859375,26.459999084472656,107.22572326660156,194.55526733398438,150.43649291992188,73.84269714355469,141.14332580566406,13.630000114440918,38.349998474121094,100.93104553222656,30.166507720947266,63.4834098815918,85.76680755615234,172.92420959472656,182.9600067138672,140.76681518554688
2020-09-18,3319.469970703125,10793.2802734375,27657.419921875,1536.780029296875,25.829999923706055,103.82451629638672,192.1389923095703,147.74549865722656,72.05751037597656,147.38333129882812,13.1899995803833,36.970001220703125,96.55196380615234,29.679697036743164,63.01609420776367,85.58406829833984,172.95082092285156,183.1999969482422,140.329345703125
2020-09-21,3281.06005859375,10778.7998046875,27147.69921875,1485.25,27.780000686645508,106.97309112548828,194.2004852294922,148.02349853515625,71.0171890258789,149.79666137695312,12.210000038146973,33.790000915527344,89.92053985595703,29.073169708251953,61.47715759277344,82.93865966796875,172.18751525878906,179.52000427246094,141.04139709472656
2020-09-22,3315.570068359375,10963.6396484375,27288.1796875,1496.9599609375,26.860000610351562,108.65425109863281,198.8795928955078,156.44949340820312,72.49101257324219,141.41000366210938,12.34000015258789,34.06999969482422,92.31790924072266,28.35491943359375,60.85675048828125,82.0336685180664,170.07510375976562,178.64999389648438,140.9298095703125
2020-09-23,3236.919921875,10632.990234375,26763.130859375,1451.4599609375,28.579999923706055,104.09662628173828,192.33079528808594,149.9929962158203,69.9867935180664,126.78666687011719,11.930000305175781,33.08000183105469,89.84322357177734,27.445144653320312,57.97221755981445,80.70226287841797,165.1935272216797,174.7899932861328,141.1185760498047
2020-09-24,3246.590087890625,10672.26953125,26815.439453125,1451.8199462890625,28.510000228881836,105.16558837890625,194.82373046875,150.989501953125,70.65567779541016,129.26333618164062,11.770000457763672,32.7400016784668,88.30619812011719,27.3892822265625,57.85136413574219,80.63263702392578,173.1727294921875,175.44000244140625,141.65902709960938
2020-09-25,3298.4599609375,10913.5595703125,27173.9609375,1474.9100341796875,26.3799991607666,109.11097717285156,199.26309204101562,154.75650024414062,71.46014404296875,135.77999877929688,12.289999961853027,34.20000076293945,89.89154052734375,27.644651412963867,57.87554931640625,81.33748626708984,173.03070068359375,174.94000244140625,141.65902709960938
2020-09-28,3351.60009765625,11117.5302734375,27584.060546875,1510.3399658203125,26.190000534057617,111.7153549194336,200.81640625,158.70249938964844,72.43341064453125,140.39999389648438,12.760000228881836,35.939998626708984,92.80126190185547,28.179353713989258,59.567562103271484,83.6783447265625,176.68746948242188,176.6999969482422,141.25587463378906
2020-09-29,3335.469970703125,11085.25,27452.66015625,1504.72998046875,26.270000457763672,110.8698959350586,198.72613525390625,157.24400329589844,72.79890441894531,139.69000244140625,12.25,34.5099983215332,90.1138687133789,27.357351303100586,57.93194580078125,82.97347259521484,174.663818359375,178.19000244140625,141.41885375976562
2020-09-30,3363.0,11167.509765625,27781.69921875,1507.68994140625,26.3700008392334,112.54134368896484,201.66973876953125,157.43649291992188,72.77803039550781,143.00332641601562,12.289999961853027,34.75,89.49520111083984,27.397260665893555,58.01250457763672,83.77405548095703,178.37387084960938,177.1199951171875,140.06332397460938
2020-10-01,3380.800048828125,11326.509765625,27816.900390625,1531.199951171875,26.700000762939453,113.49369049072266,203.7120819091797,161.06300354003906,73.88540649414062,149.3866729736328,12.579999923706055,35.18000030517578,91.20622253417969,26.439590454101562,56.73945617675781,84.38319396972656,176.22596740722656,178.6999969482422,140.29441833496094
2020-10-02,3348.419921875,11075.01953125,27682.810546875,1539.300048828125,27.6299991607666,109.830078125,197.70018005371094,156.25,72.2814712524414,138.3633270263672,13.0,36.0099983215332,92.07624816894531,26.31987953186035,57.35987091064453,85.18377685546875,177.4241485595703,178.5399932861328,139.77053833007812
2020-10-05,3408.60009765625,11332.490234375,28148.640625,1581.9599609375,27.959999084472656,113.21186828613281,201.71771240234375,159.9600067138672,73.6336441040039,141.89332580566406,13.119999885559082,36.20000076293945,93.55525970458984,26.926406860351562,58.5765266418457,86.98426055908203,179.1105499267578,179.41000366210938,137.03955078125
2020-10-06,3360.969970703125,11154.599609375,27772.759765625,1577.2900390625,29.479999542236328,109.96614837646484,197.43174743652344,154.9980010986328,72.05403900146484,137.9933319091797,12.529999732971191,34.880001068115234,93.69058227539062,26.647085189819336,58.25423049926758,86.0884017944336,178.48033142089844,177.3000030517578,137.77801513671875
2020-10-07,3419.43994140625,11364.599609375,28303.4609375,1611.0400390625,28.059999465942383,111.83196258544922,201.19036865234375,159.7845001220703,72.4572525024414,141.76666259765625,13.069999694824219,36.380001068115234,95.71096801757812,26.734874725341797,59.446720123291016,87.59024047851562,180.70814514160156,177.22000122070312,136.77325439453125
2020-10-08,3446.830078125,11420.98046875,28425.509765625,1628.550048828125,26.360000610351562,111.7250747680664,201.9094696044922,159.52749633789062,73.66343688964844,141.97332763671875,13.15999984741211,37.0,96.96763610839844,28.13945198059082,60.60696792602539,89.39070892333984,184.59571838378906,177.85000610351562,137.51185607910156
2020-10-09,3477.139892578125,11579.9404296875,28586.900390625,1637.550048828125,25.0,113.66861724853516,206.924072265625,164.33250427246094,75.00518798828125,144.6666717529297,13.199999809265137,37.119998931884766,96.02995300292969,27.72446060180664,59.62398147583008,88.88129425048828,184.20513916015625,181.0800018310547,137.48609924316406
2020-10-12,3534.219970703125,11876.259765625,28837.51953125,1649.050048828125,25.06999969482422,120.88890075683594,212.28390502929688,172.14649963378906,77.69364929199219,147.43333435058594,12.920000076293945,36.380001068115234,97.35430908203125,27.636676788330078,60.03487777709961,89.97036743164062,190.0452880859375,180.55999755859375,137.92405700683594
2020-10-13,3511.929931640625,11863.900390625,28679.810546875,1636.8499755859375,26.06999969482422,117.68204498291016,213.68380737304688,172.18150329589844,77.81678009033203,148.88333129882812,12.220000267028809,35.2599983215332,94.96662139892578,27.309471130371094,59.140525817871094,88.5124282836914,187.10751342773438,177.72000122070312,138.91171264648438
2020-10-14,3488.669921875,11768.73046875,28514.0,1621.6500244140625,26.399999618530273,117.76952362060547,211.7661895751953,168.1855010986328,77.63652801513672,153.76666259765625,12.359999656677246,35.61000061035156,93.83560180664062,27.253610610961914,58.777957916259766,88.02059936523438,187.4802703857422,178.27000427246094,139.2294464111328
2020-10-15,3483.340087890625,11713.8701171875,28494.19921875,1638.8800048828125,26.969999313354492,117.30306243896484,210.61558532714844,166.9324951171875,77.24075317382812,149.6266632080078,12.229999542236328,34.25,93.83560180664062,27.493024826049805,59.22917175292969,89.3380126953125,185.1459503173828,178.9199981689453,138.989013671875
2020-10-16,3483.81005859375,11671.5595703125,28606.310546875,1633.81005859375,27.40999984741211,115.66075134277344,210.61558532714844,163.635498046875,77.84807586669922,146.55667114257812,12.460000038146973,34.15999984741211,94.50261688232422,27.21371078491211,58.7296257019043,89.15357208251953,183.0247344970703,178.3000030517578,138.6024932861328
2020-10-19,3426.919921875,11478.8798828125,28195.419921875,1613.6300048828125,29.18000030517578,112.70655822753906,205.39956665039062,160.36050415039062,75.97349548339844,143.61000061035156,12.5600004196167,35.5,90.80989074707031,26.6710262298584,57.43239974975586,87.65174102783203,182.5631866455078,178.38999938964844,138.07872009277344
2020-10-20,3443.1201171875,11516.490234375,28308.7890625,1617.7099609375,29.350000381469727,114.193359375,205.81185913085938,160.85049438476562,77.02276611328125,140.64666748046875,12.800000190734863,36.060001373291016,92.88825988769531,26.894481658935547,57.75467300415039,88.15233612060547,184.64004516601562,179.25,136.76461791992188
2020-10-21,3435.56005859375,11484.6904296875,28210.8203125,1603.780029296875,28.649999618530273,113.57141876220703,205.9556884765625,159.2469940185547,78.75630187988281,140.8800048828125,12.75,35.540000915527344,91.97957611083984,26.463533401489258,57.102046966552734,87.27406311035156,180.0957489013672,180.60000610351562,136.29234313964844
2020-10-22,3453.489990234375,11506.009765625,28363.66015625,1630.25,28.110000610351562,112.4830322265625,206.0419921875,158.82000732421875,79.78272247314453,141.92999267578125,13.149999618530273,37.2400016784668,97.46064758300781,27.82023048400879,59.140525817871094,90.35682678222656,182.3057403564453,178.8300018310547,134.8753204345703
2020-10-23,3465.389892578125,11548.2802734375,28335.5703125,1640.5,27.549999237060547,111.79308319091797,207.32684326171875,160.22000122070312,81.08971405029297,140.2100067138672,12.600000381469727,38.0099983215332,98.36932373046875,27.261592864990234,58.47178649902344,91.1736068725586,181.98623657226562,178.63999938964844,135.69973754882812
2020-10-26,3400.969970703125,11358.9404296875,27685.380859375,1605.2099609375,32.459999084472656,111.80279541015625,201.4300537109375,160.3520050048828,78.6718978881836,140.0933380126953,11.800000190734863,35.34000015258789,92.82057189941406,26.615161895751953,57.1584358215332,88.91644287109375,178.52471923828125,178.5500030517578,136.9622039794922
2020-10-27,3390.679931640625,11431.349609375,27463.189453125,1590.7099609375,33.349998474121094,113.30905151367188,204.4695281982422,164.31649780273438,79.39640045166016,141.55999755859375,11.229999542236328,34.16999816894531,90.34588623046875,26.192195892333984,56.00625228881836,87.23895263671875,173.67861938476562,179.02000427246094,137.881103515625
2020-10-28,3271.030029296875,11004.8701171875,26519.94921875,1543.280029296875,40.279998779296875,108.06145477294922,194.33473205566406,158.13900756835938,75.0225601196289,135.33999633789062,10.949999809265137,32.599998474121094,86.97218322753906,25.194622039794922,53.88718032836914,84.7885513305664,168.43312072753906,176.1300048828125,138.00999450683594
2020-10-29,3310.110107421875,11185.58984375,26659.109375,1561.5799560546875,37.59000015258789,112.06517791748047,196.29071044921875,160.55050659179688,77.31078338623047,136.94332885742188,11.15999984741211,33.56999969482422,90.22022247314453,26.311904907226562,55.43418884277344,85.34186553955078,168.5840301513672,175.39999389648438,136.67019653320312
2020-10-30,3269.9599609375,10911.58984375,26501.599609375,1538.47998046875,38.02000045776367,105.7874984741211,194.13339233398438,151.8074951171875,80.25199890136719,129.34666442871094,11.279999732971191,33.86000061035156,89.78521728515625,26.032581329345703,55.99818801879883,86.1059799194336,167.78518676757812,176.1999969482422,135.32180786132812
2020-11-02,3310.239990234375,10957.6103515625,26925.05078125,1568.5899658203125,37.130001068115234,105.70004272460938,193.9991455078125,150.2239990234375,80.65968322753906,133.50332641601562,11.1899995803833,33.779998779296875,89.80455780029297,27.12592124938965,58.13337707519531,88.04695129394531,168.8147430419922,177.91000366210938,136.33551025390625
2020-11-03,3369.159912109375,11160.5703125,27480.029296875,1614.300048828125,35.54999923706055,107.3228988647461,197.93032836914062,152.42050170898438,81.71936798095703,141.3000030517578,11.25,34.02000045776367,92.88825988769531,26.663040161132812,57.80302429199219,90.8222885131836,175.6756591796875,178.9199981689453,135.5445556640625
2020-11-04,3443.43994140625,11590.7802734375,27847.66015625,1615.0799560546875,29.56999969482422,111.70561981201172,207.48023986816406,162.05799865722656,86.69456481933594,140.32666015625,11.010000228881836,33.34000015258789,94.77327728271484,26.519397735595703,57.82719802856445,88.04695129394531,175.62240600585938,178.82000732421875,138.4847869873047
2020-11-05,3510.449951171875,11890.9296875,28390.1796875,1660.050048828125,27.579999923706055,115.67045593261719,214.0961151123047,166.10000610351562,87.5213623046875,146.02999877929688,11.600000381469727,35.349998474121094,97.54766082763672,26.471511840820312,58.12531661987305,91.64787292480469,180.14012145996094,182.92999267578125,138.72560119628906
2020-11-06,3509.43994140625,11895.23046875,28323.400390625,1648.260009765625,24.860000610351562,115.5390625,214.50843811035156,165.56849670410156,87.3838119506836,143.31666564941406,11.460000038146973,34.68000030517578,100.42835998535156,26.16027069091797,57.327640533447266,90.42707061767578,178.6312255859375,183.19000244140625,137.04917907714844
2020-11-09,3550.5,11713.7802734375,29157.970703125,1705.0400390625,25.75,113.23196411132812,209.3978729248047,157.18699645996094,87.46772766113281,140.4199981689453,13.199999809265137,41.31999969482422,114.35821533203125,29.472204208374023,63.97491455078125,102.67020416259766,190.7642364501953,175.0800018310547,134.1689453125
2020-11-10,3545.530029296875,11553.8603515625,29420.919921875,1737.010009765625,24.799999237060547,112.89126586914062,202.32171630859375,151.75100708007812,86.29084014892578,136.7866668701172,12.380000114440918,40.04999923706055,114.5322036743164,30.126052856445312,66.93194580078125,102.33646392822266,193.01864624023438,175.66000366210938,133.39524841308594
2020-11-11,3572.659912109375,11786.4296875,29397.630859375,1736.93994140625,23.450000762939453,116.31781768798828,207.6336212158203,156.8695068359375,86.76309204101562,139.0433349609375,12.039999961853027,38.5099983215332,112.5118637084961,29.815473556518555,66.4404296875,100.80826568603516,193.53347778320312,174.89999389648438,133.8766632080078
2020-11-12,3537.010009765625,11709.58984375,29080.169921875,1708.469970703125,25.350000381469727,116.04524993896484,206.5693359375,155.51400756835938,86.54409790039062,137.25332641601562,11.739999771118164,36.849998474121094,111.496826171875,28.793838500976562,64.99817657470703,99.56990814208984,190.39149475097656,175.9600067138672,136.1549072265625
2020-11-13,3585.14990234375,11829.2900390625,29479.810546875,1744.0400390625,23.100000381469727,116.09391784667969,207.59532165527344,156.4405059814453,88.00601196289062,136.1666717529297,12.239999771118164,38.9900016784668,116.00155639648438,29.488542556762695,66.89970397949219,100.1934814453125,194.44761657714844,177.16000366210938,135.9744110107422
2020-11-16,3626.909912109375,11924.1298828125,29950.439453125,1785.3399658203125,22.450000762939453,117.10631561279297,208.28561401367188,156.55299377441406,88.09391021728516,136.02999877929688,12.789999961853027,41.0,119.63628387451172,31.188552856445312,71.67768859863281,103.02151489257812,197.37660217285156,177.14999389648438,135.64768981933594
2020-11-17,3609.530029296875,11899.33984375,29783.349609375,1791.9100341796875,22.709999084472656,116.2204818725586,205.6297149658203,156.7830047607422,87.47965240478516,147.20333862304688,12.699999809265137,40.599998474121094,118.6889419555664,31.605382919311523,71.16261291503906,101.97638702392578,199.39137268066406,176.5,136.53326416015625
2020-11-18,3567.7900390625,11801.599609375,29438.419921875,1769.3199462890625,23.84000015258789,114.89657592773438,202.91871643066406,155.2729949951172,86.43584442138672,162.2133331298828,12.739999771118164,41.04999923706055,116.33023834228516,30.412109375,68.90606689453125,101.22105407714844,199.0807342529297,175.49000549316406,136.92869567871094
2020-11-19,3581.8701171875,11904.7099609375,29483.23046875,1784.1300048828125,23.110000610351562,115.49037170410156,204.2069091796875,155.8509979248047,87.32620239257812,166.42333984375,12.789999961853027,40.939998626708984,117.0745620727539,30.56739616394043,70.0915756225586,101.49333190917969,199.3203887939453,175.16000366210938,137.63368225097656
2020-11-20,3557.5400390625,11854.9697265625,29263.48046875,1785.3399658203125,23.700000762939453,114.22489929199219,202.25540161132812,154.97000122070312,86.22430419921875,163.20333862304688,12.529999732971191,39.900001525878906,115.30555725097656,30.191436767578125,70.140625,100.62382507324219,198.23751831054688,175.69000244140625,138.85446166992188
2020-11-23,3577.590087890625,11880.6298828125,29591.26953125,1818.300048828125,22.65999984741211,110.82755279541016,201.98623657226562,154.91949462890625,85.78631591796875,173.9499969482422,13.5600004196167,40.93000030517578,118.98860168457031,32.16932678222656,74.42476654052734,103.52214813232422,203.10137939453125,172.22999572753906,138.21832275390625
2020-11-24,3635.409912109375,12036.7900390625,30046.240234375,1853.530029296875,21.639999389648438,112.11251068115234,205.59121704101562,155.9029998779297,87.59087371826172,185.1266632080078,14.819999694824219,44.959999084472656,126.54804229736328,34.3106803894043,78.177490234375,108.30872344970703,210.79660034179688,169.58999633789062,136.84278869628906
2020-11-25,3629.64990234375,12094.400390625,29872.470703125,1845.02001953125,21.25,112.94966888427734,205.60084533691406,159.2534942626953,87.602294921875,191.3333282470703,14.9399995803833,45.63999938964844,124.91434478759766,33.354427337646484,75.33231353759766,107.17574310302734,209.9445343017578,169.50999450683594,136.42149353027344
2020-11-27,3638.35009765625,12205.849609375,29910.369140625,1855.27001953125,20.84000015258789,113.49479675292969,206.90826416015625,159.76699829101562,88.73895263671875,195.25332641601562,14.979999542236328,45.29999923706055,124.07334899902344,32.84769821166992,74.65370178222656,106.46437072753906,208.93272399902344,167.7899932861328,137.7454376220703
2020-11-30,3621.6298828125,12198.740234375,29638.640625,1819.8199462890625,20.56999969482422,115.88949584960938,205.7931365966797,158.40199279785156,87.11913299560547,189.1999969482422,14.130000114440918,45.04999923706055,122.64266204833984,31.164031982421875,71.27706909179688,103.53091430664062,204.65464782714844,166.6699981689453,137.5735321044922
2020-12-01,3662.449951171875,12355.1103515625,29823.919921875,1836.050048828125,20.770000457763672,119.46208190917969,207.85037231445312,161.00399780273438,89.1530990600586,194.9199981689453,14.270000457763672,45.31999969482422,124.23767852783203,31.466440200805664,71.49781799316406,105.16450500488281,207.1087646484375,170.17999267578125,135.54507446289062
2020-12-02,3669.010009765625,12349.3701171875,29883.7890625,1838.030029296875,21.170000076293945,119.81250762939453,207.0428466796875,160.17649841308594,90.62346649169922,189.60667419433594,14.859999656677246,46.72999954223633,124.43101501464844,32.64336395263672,73.47637939453125,107.18455505371094,212.07940673828125,171.4600067138672,134.4693603515625
2020-12-03,3666.719970703125,12377.1796875,29969.51953125,1848.699951171875,21.280000686645508,119.67621612548828,205.95654296875,159.3365020751953,90.46802520751953,197.7933349609375,16.09000015258789,49.90999984741211,127.91110229492188,32.864036560058594,73.41914367675781,106.48192596435547,210.13400268554688,172.80999755859375,135.55368041992188
2020-12-04,3699.1201171875,12464.23046875,30218.259765625,1892.449951171875,20.790000915527344,119.0045394897461,206.07188415527344,158.12899780273438,90.56338500976562,199.67999267578125,16.399999618530273,49.2400016784668,131.0914306640625,34.06549072265625,76.26435089111328,107.44802856445312,213.8017578125,172.32000732421875,133.565673828125
2020-12-07,3691.9599609375,12519.9501953125,30069.7890625,1891.25,21.299999237060547,120.46472930908203,206.004638671875,157.89999389648438,90.22917175292969,213.9199981689453,17.209999084472656,49.20000076293945,128.52975463867188,33.42798614501953,74.20401763916016,107.04400634765625,212.79335021972656,174.88999938964844,134.7705535888672
2020-12-08,3702.25,12582.76953125,30173.880859375,1917.780029296875,20.68000030517578,121.07799530029297,207.65814208984375,158.864501953125,89.94612884521484,216.6266632080078,17.6299991607666,49.040000915527344,128.1333770751953,34.5231819152832,74.84174346923828,107.14942169189453,213.14137268066406,175.5,135.40736389160156
2020-12-09,3672.820068359375,12338.9501953125,30068.810546875,1902.1500244140625,22.270000457763672,118.54702758789062,203.61090087890625,155.2100067138672,88.28408813476562,201.4933319091797,17.15999984741211,48.02000045776367,126.12271881103516,34.98088073730469,73.94239044189453,106.31504821777344,216.69313049316406,172.5,134.95985412597656
2020-12-10,3668.10009765625,12405.8095703125,29999.259765625,1922.699951171875,22.520000457763672,119.96826171875,202.38038635253906,155.07449340820312,87.77710723876953,209.02333068847656,17.989999771118164,49.63999938964844,127.37937927246094,35.96981430053711,76.32156372070312,105.6299819946289,218.10313415527344,172.1699981689453,136.15611267089844
2020-12-11,3663.4599609375,12377.8701171875,30046.369140625,1911.699951171875,23.309999465942383,119.16029357910156,205.014404296875,155.8209991455078,88.13214111328125,203.3300018310547,17.049999237060547,48.36000061035156,124.2280044555664,35.798179626464844,75.58573150634766,105.00641632080078,214.1676483154297,172.49000549316406,136.63807678222656
2020-12-14,3647.489990234375,12440.0400390625,29861.55078125,1913.8599853515625,24.719999313354492,118.54702758789062,205.91810607910156,157.84849548339844,87.01286315917969,213.27667236328125,16.700000762939453,46.720001220703125,122.40098571777344,34.5068359375,73.12481689453125,103.8998031616211,212.20437622070312,171.5399932861328,136.2593536376953
2020-12-15,3694.6201171875,12595.0595703125,30199.310546875,1959.760009765625,22.889999389648438,124.48506164550781,205.85079956054688,158.25599670410156,87.45085144042969,211.0833282470703,17.010000228881836,47.459999084472656,126.01636505126953,35.17703628540039,73.06758880615234,105.67389678955078,216.34507751464844,173.94000244140625,135.80325317382812
2020-12-16,3701.169921875,12658.1904296875,30154.5390625,1952.719970703125,22.5,124.41693115234375,210.80166625976562,162.04800415039062,87.25767517089844,207.58999633789062,16.860000610351562,46.0,126.09371185302734,35.716453552246094,72.51162719726562,105.98129272460938,217.5409393310547,174.89999389648438,135.4418487548828
2020-12-17,3722.47998046875,12764.75,30303.369140625,1978.050048828125,21.93000030517578,125.2833023071289,210.93629455566406,161.8040008544922,86.42938232421875,218.63333129882812,16.799999237060547,45.880001068115234,125.94869232177734,35.536643981933594,72.2826919555664,105.10301971435547,218.12989807128906,176.74000549316406,135.0834197998047
2020-12-18,3709.409912109375,12755.6396484375,30179.05078125,1969.989990234375,21.56999969482422,123.29747009277344,210.1383514404297,160.08250427246094,85.71977996826172,231.6666717529297,16.510000228881836,44.7400016784668,124.5276870727539,34.923667907714844,71.28524017333984,104.5848388671875,216.07736206054688,176.44000244140625,134.6785125732422
2020-12-21,3694.919921875,12742.51953125,30216.44921875,1970.3299560546875,25.15999984741211,124.82577514648438,213.98367309570312,160.3090057373047,86.13392639160156,216.6199951171875,16.100000381469727,44.060001373291016,123.07765197753906,34.286163330078125,70.3858871459961,108.51072692871094,229.32955932617188,175.8800048828125,135.21261596679688
2020-12-22,3687.260009765625,12807.919921875,30015.509765625,1989.8800048828125,24.229999542236328,128.37887573242188,215.28152465820312,160.3260040283203,85.42184448242188,213.44667053222656,15.479999542236328,42.970001220703125,122.05298614501953,33.705867767333984,68.97148132324219,106.85957336425781,223.18089294433594,174.49000549316406,135.910400390625
2020-12-23,3690.010009765625,12771.1103515625,30129.830078125,2007.0999755859375,23.309999465942383,127.48333740234375,212.47442626953125,159.2635040283203,85.81959533691406,215.32666015625,15.890000343322754,44.11000061035156,124.3246841430664,34.13904571533203,70.05886840820312,109.84568786621094,228.85659790039062,175.64999389648438,134.97140502929688
2020-12-24,3703.06005859375,12804.73046875,30199.869140625,2003.949951171875,21.530000686645508,128.46649169921875,214.13748168945312,158.63450622558594,86.11405944824219,220.58999633789062,15.65999984741211,43.2599983215332,124.45999145507812,34.000099182128906,69.7645263671875,109.36266326904297,228.5977783203125,176.35000610351562,135.5054931640625
2020-12-28,3735.360107421875,12899.419921875,30403.970703125,1996.25,21.700000762939453,133.06121826171875,216.26205444335938,164.197998046875,88.0904312133789,221.22999572753906,16.059999465942383,43.91999816894531,124.04434967041016,34.114524841308594,69.41297912597656,110.08283996582031,231.65872192382812,175.7100067138672,135.5658416748047
2020-12-29,3727.0400390625,12850.2197265625,30335.669921875,1959.3599853515625,23.079999923706055,131.28952026367188,215.4833984375,166.10000610351562,87.28597259521484,221.99667358398438,15.859999656677246,43.7400016784668,124.70169067382812,33.73039245605469,69.1758804321289,109.79301452636719,230.24874877929688,176.35000610351562,135.3935546875
2020-12-30,3732.0400390625,12870.0,30409.560546875,1979.989990234375,22.770000457763672,130.17005920410156,213.1088409423828,164.29249572753906,86.21784973144531,231.5933380126953,16.149999618530273,44.650001525878906,126.12271881103516,34.000099182128906,69.7645263671875,110.10041809082031,231.53379821777344,177.6999969482422,135.68650817871094
