Date,sp500,nikkei,ftse
1987-01-05,252.19000244140625,18820.55078125,1680.0
1987-01-06,252.77999877929688,18936.759765625,1690.699951171875
1987-01-07,255.3300018310547,18842.369140625,1722.199951171875
1987-01-08,257.2799987792969,18778.740234375,1733.0999755859375
1987-01-09,258.7300109863281,18810.359375,1752.300048828125
1987-01-12,260.29998779296875,18669.01953125,1755.5999755859375
1987-01-13,259.95001220703125,18544.05078125,1763.300048828125
1987-01-14,262.6400146484375,18784.26953125,1765.199951171875
1987-01-16,266.2799987792969,19149.630859375,1789.0
1987-01-19,269.3399963378906,19188.6796875,1778.4000244140625
1987-01-20,269.0400085449219,19216.119140625,1778.9000244140625
1987-01-21,267.8399963378906,19429.1796875,1761.5999755859375
1987-01-22,273.9100036621094,19380.509765625,1777.5
1987-01-23,270.1000061035156,19456.609375,1795.300048828125
1987-01-26,269.6099853515625,19554.720703125,1781.800048828125
1987-01-27,273.75,19686.830078125,1814.4000244140625
1987-01-28,275.3999938964844,19789.9296875,1812.0999755859373
1987-01-29,274.239990234375,19921.05078125,1798.0999755859375
1987-01-30,274.0799865722656,20048.349609375,1808.300048828125
1987-02-02,276.45001220703125,20072.08984375,1832.800048828125
1987-02-03,275.989990234375,19956.330078125,1828.5999755859373
1987-02-04,279.6400146484375,19973.869140625,1846.699951171875
1987-02-05,281.1600036621094,19795.080078125,1866.0999755859373
1987-02-06,280.0400085449219,19668.830078125,1898.4000244140625
1987-02-09,278.1600036621094,19679.3203125,1910.699951171875
1987-02-10,275.07000732421875,19813.9609375,1874.9000244140625
1987-02-12,275.6199951171875,19874.890625,1878.5999755859373
1987-02-13,279.70001220703125,19628.869140625,1898.0999755859373
1987-02-17,285.489990234375,19637.9296875,1942.0
1987-02-18,285.4200134277344,19881.759765625,1952.0
1987-02-19,285.57000732421875,20228.08984375,1930.0999755859373
1987-02-20,285.4800109863281,20080.390625,1961.5
1987-02-23,282.3800048828125,19940.5,1939.699951171875
1987-02-24,282.8800048828125,20076.48046875,1946.800048828125
1987-02-25,284.0,20186.330078125,1973.0999755859373
1987-02-26,282.9599914550781,20453.900390625,1980.199951171875
1987-02-27,284.20001220703125,20421.66015625,1979.199951171875
1987-03-02,283.0,20933.8203125,1983.0999755859373
1987-03-03,284.1199951171875,20971.390625,1998.300048828125
1987-03-04,288.6199951171875,21031.66015625,2002.699951171875
1987-03-05,290.5199890136719,21176.029296875,2002.800048828125
1987-03-06,290.6600036621094,21105.849609375,1998.199951171875
1987-03-09,288.29998779296875,21166.400390625,1973.699951171875
1987-03-10,290.8599853515625,21214.4609375,1987.699951171875
1987-03-11,290.3099975585937,21312.9609375,1979.4000244140625
1987-03-12,291.2200012207031,21470.19921875,1989.699951171875
1987-03-13,289.8900146484375,21497.94921875,2000.0
1987-03-16,288.2300109863281,21415.369140625,1991.800048828125
1987-03-17,292.4700012207031,21514.73046875,2006.300048828125
1987-03-18,292.7799987792969,21705.060546875,2006.5999755859373
1987-03-19,294.0799865722656,21644.3203125,1991.0
1987-03-20,298.1700134277344,21657.669921875,2017.5
1987-03-23,301.1600036621094,21588.25,2033.0
1987-03-24,301.6400146484375,21435.30078125,2056.199951171875
1987-03-25,300.3800048828125,21472.970703125,2042.9000244140625
1987-03-26,300.92999267578125,21558.7890625,2037.800048828125
1987-03-27,296.1300048828125,22026.66015625,2048.60009765625
1987-03-30,289.20001220703125,21627.5703125,2002.5
1987-03-31,291.70001220703125,21566.66015625,1997.5999755859373
1987-04-01,292.3800048828125,22040.1796875,1973.0999755859373
1987-04-02,293.6300048828125,22367.720703125,1987.699951171875
1987-04-03,300.4100036621094,22410.849609375,1965.0999755859373
1987-04-06,301.95001220703125,22586.109375,1989.5999755859373
1987-04-07,296.69000244140625,22784.650390625,1987.0
1987-04-08,297.260009765625,22912.990234375,1976.699951171875
1987-04-09,292.8599853515625,22922.19921875,1962.800048828125
1987-04-10,292.489990234375,23216.58984375,1936.699951171875
1987-04-13,285.6199951171875,22919.5390625,1917.0999755859373
1987-04-14,279.1600036621094,23524.080078125,1908.9000244140625
1987-04-15,284.44000244140625,23510.689453125,1922.199951171875
1987-04-16,286.9100036621094,23868.4296875,1949.4000244140625
1987-04-21,293.07000732421875,23886.099609375,1940.199951171875
1987-04-22,287.19000244140625,24097.7890625,1955.699951171875
1987-04-23,286.82000732421875,24024.609375,1968.300048828125
1987-04-24,281.5199890136719,24006.369140625,2001.5
1987-04-27,281.8299865722656,23072.41015625,1986.5999755859373
1987-04-28,282.510009765625,22889.859375,2022.0999755859373
1987-04-30,288.3599853515625,23274.830078125,2050.5
1987-05-01,288.0299987792969,23680.890625,2068.5
1987-05-06,295.4700012207031,23918.560546875,2086.5
1987-05-07,294.7099914550781,24207.55078125,2077.89990234375
1987-05-08,293.3699951171875,24589.23046875,2126.5
1987-05-11,291.57000732421875,24608.220703125,2163.300048828125
1987-05-12,293.29998779296875,24535.849609375,2143.300048828125
1987-05-13,293.9800109863281,24363.189453125,2163.39990234375
1987-05-14,294.239990234375,24651.439453125,2180.0
1987-05-15,287.42999267578125,24729.029296875,2189.699951171875
1987-05-18,286.6499938964844,24298.98046875,2192.10009765625
1987-05-19,279.6199951171875,24077.880859375,2214.300048828125
1987-05-20,278.2099914550781,23419.599609375,2174.0
1987-05-21,280.1700134277344,23754.009765625,2153.699951171875
1987-05-22,282.1600036621094,24156.7109375,2167.5
1987-05-26,289.1099853515625,24580.869140625,2153.39990234375
1987-05-27,288.7300109863281,24539.75,2145.699951171875
1987-05-28,290.760009765625,24433.650390625,2157.39990234375
1987-05-29,290.1000061035156,24772.390625,2203.0
1987-06-01,289.8299865722656,24992.779296875,2228.199951171875
1987-06-02,288.4599914550781,24902.630859375,2219.60009765625
1987-06-03,293.4700012207031,25049.400390625,2235.39990234375
1987-06-04,295.0899963378906,25366.109375,2214.199951171875
1987-06-05,293.45001220703125,25271.30078125,2228.800048828125
1987-06-08,296.7200012207031,25523.890625,2228.39990234375
1987-06-09,297.2799987792969,25379.880859375,2265.199951171875
1987-06-10,297.4700012207031,25738.9609375,2256.10009765625
1987-06-11,298.7300109863281,25890.94921875,2249.300048828125
1987-06-12,301.6199951171875,25894.26953125,2289.5
1987-06-15,303.1400146484375,25756.439453125,2307.60009765625
1987-06-16,304.760009765625,25738.859375,2309.0
1987-06-17,304.8099975585937,25929.419921875,2320.39990234375
1987-06-18,305.69000244140625,25750.55078125,2293.199951171875
1987-06-19,306.9700012207031,25288.119140625,2266.10009765625
1987-06-22,309.6499938964844,24640.349609375,2244.60009765625
1987-06-23,308.42999267578125,24794.91015625,2265.5
1987-06-24,306.8599853515625,24892.75,2284.0
1987-06-25,308.9599914550781,25031.349609375,2277.199951171875
1987-06-26,307.1600036621094,25049.830078125,2291.300048828125
1987-06-29,307.8999938964844,24509.41015625,2289.300048828125
1987-06-30,304.0,24176.400390625,2284.10009765625
1987-07-01,302.94000244140625,24252.380859375,2269.800048828125
1987-07-02,305.6300048828125,24636.4609375,2297.39990234375
1987-07-06,304.9200134277344,23870.859375,2351.89990234375
1987-07-07,307.3999938964844,23816.08984375,2365.39990234375
1987-07-08,308.2900085449219,23472.419921875,2356.89990234375
1987-07-09,307.5199890136719,23755.900390625,2371.0
1987-07-10,308.3699951171875,24102.990234375,2382.0
1987-07-13,307.6300048828125,24118.009765625,2386.60009765625
1987-07-14,310.67999267578125,23931.529296875,2403.0
1987-07-15,310.4200134277344,23969.759765625,2419.199951171875
1987-07-16,312.70001220703125,24003.609375,2443.39990234375
1987-07-17,314.5899963378906,23983.44921875,2428.699951171875
1987-07-20,311.3900146484375,23328.640625,2400.699951171875
1987-07-21,308.54998779296875,23078.359375,2390.5
1987-07-22,308.4700012207031,22702.740234375,2344.5
1987-07-23,307.8099975585937,23036.51953125,2340.199951171875
1987-07-24,309.2699890136719,23942.939453125,2346.89990234375
1987-07-27,310.6499938964844,24104.98046875,2333.89990234375
1987-07-28,312.3299865722656,24385.8203125,2359.89990234375
1987-07-29,315.6499938964844,24427.119140625,2383.10009765625
1987-07-30,318.04998779296875,24510.369140625,2370.5
1987-07-31,318.6600036621094,24488.109375,2360.89990234375
1987-08-03,317.57000732421875,24483.8203125,2334.300048828125
1987-08-04,316.2300109863281,24172.599609375,2307.800048828125
1987-08-05,318.45001220703125,24297.150390625,2317.39990234375
1987-08-06,322.0899963378906,24658.23046875,2261.39990234375
1987-08-07,323.0,24800.94921875,2226.199951171875
1987-08-10,328.0,25119.69921875,2242.199951171875
1987-08-11,333.3299865722656,25282.970703125,2275.39990234375
1987-08-12,332.3900146484375,25560.23046875,2286.10009765625
1987-08-13,334.6499938964844,25575.740234375,2290.10009765625
1987-08-14,333.989990234375,25494.009765625,2295.39990234375
1987-08-17,334.1099853515625,25378.880859375,2295.39990234375
1987-08-18,329.25,25344.33984375,2224.800048828125
1987-08-19,329.8299865722656,25231.58984375,2197.60009765625
1987-08-20,334.8399963378906,25396.5703125,2185.300048828125
1987-08-21,335.8999938964844,25559.1796875,2205.800048828125
1987-08-24,333.3299865722656,25754.330078125,2225.10009765625
1987-08-25,336.7699890136719,25643.390625,2248.10009765625
1987-08-26,334.57000732421875,25875.740234375,2249.60009765625
1987-08-27,331.3800048828125,25968.779296875,2245.800048828125
1987-08-28,327.0400085449219,25974.9609375,2249.699951171875
1987-09-01,323.3999938964844,26118.419921875,2272.800048828125
1987-09-02,321.67999267578125,25946.599609375,2249.5
1987-09-03,320.2099914550781,25649.880859375,2268.10009765625
1987-09-04,316.70001220703125,25744.029296875,2274.89990234375
1987-09-08,313.5599975585937,25204.08984375,2275.0
1987-09-09,313.9200134277344,24937.9296875,2249.10009765625
1987-09-10,317.1300048828125,24795.240234375,2253.199951171875
1987-09-11,321.9800109863281,24828.26953125,2261.199951171875
1987-09-14,323.0799865722656,24954.01953125,2271.800048828125
1987-09-16,314.8599853515625,24967.73046875,2279.800048828125
1987-09-17,314.92999267578125,24855.310546875,2304.5
1987-09-18,314.8599853515625,24844.83984375,2328.300048828125
1987-09-21,310.5400085449219,24912.419921875,2334.800048828125
1987-09-22,319.5,24866.060546875,2336.199951171875
1987-09-24,319.7200012207031,24944.880859375,2313.39990234375
1987-09-25,320.1600036621094,25095.859375,2342.60009765625
1987-09-28,323.20001220703125,25837.33984375,2368.10009765625
1987-09-29,321.69000244140625,25998.0,2368.300048828125
1987-09-30,321.8299865722656,26010.880859375,2366.0
1987-10-01,327.3299865722656,25721.740234375,2373.800048828125
1987-10-02,328.07000732421875,25862.44921875,2382.199951171875
1987-10-05,328.0799865722656,26018.330078125,2385.800048828125
1987-10-06,319.2200012207031,26088.970703125,2367.89990234375
1987-10-07,318.5400085449219,25952.26953125,2359.800048828125
1987-10-08,314.1600036621094,26286.75,2375.5
1987-10-09,311.07000732421875,26338.76953125,2366.5
1987-10-12,309.3900146484375,26284.650390625,2338.5
1987-10-13,314.5199890136719,26400.630859375,2350.199951171875
1987-10-14,305.2300109863281,26646.4296875,2322.89990234375
1987-10-15,298.0799865722656,26428.220703125,2301.89990234375
1987-10-16,282.70001220703125,26366.740234375,2301.89990234375
1987-10-19,224.83999633789065,25746.560546875,2052.300048828125
1987-10-20,236.8300018310547,21910.080078125,1801.5999755859373
1987-10-21,258.3800048828125,23947.400390625,1943.800048828125
1987-10-22,248.25,24404.44921875,1833.199951171875
1987-10-23,248.22000122070312,23201.220703125,1795.199951171875
1987-10-26,227.6699981689453,22202.560546875,1684.0999755859375
1987-10-27,233.19000244140625,22834.9609375,1703.9000244140625
1987-10-28,233.27999877929688,22577.529296875,1658.4000244140625
1987-10-29,244.7700042724609,22033.890625,1682.0
1987-10-30,251.7899932861328,22765.0390625,1749.800048828125
1987-11-02,255.75,23358.599609375,1723.699951171875
1987-11-04,248.9600067138672,23060.529296875,1608.0999755859375
1987-11-05,254.47999572753903,22629.650390625,1638.800048828125
1987-11-06,250.41000366210935,22795.01953125,1620.800048828125
1987-11-09,243.1699981689453,22418.369140625,1565.199951171875
1987-11-10,239.0,21686.4609375,1573.5
1987-11-11,241.8999938964844,21036.759765625,1639.300048828125
1987-11-12,248.5200042724609,21546.5,1702.5
1987-11-13,245.63999938964844,22448.25,1678.300048828125
1987-11-16,246.75999450683597,22615.4296875,1684.800048828125
1987-11-17,243.0399932861328,22344.279296875,1660.0999755859375
1987-11-18,245.5500030517578,22734.490234375,1663.699951171875
1987-11-19,240.0500030517578,22668.80078125,1639.0999755859375
1987-11-20,242.0,22705.560546875,1633.0
1987-11-24,246.38999938964844,22856.01953125,1689.0999755859375
1987-11-25,244.1000061035156,23219.689453125,1664.0999755859375
1987-11-27,240.33999633789065,23268.619140625,1651.5999755859375
1987-11-30,230.3000030517578,22686.779296875,1579.9000244140625
1987-12-01,232.0,22832.890625,1578.5
1987-12-02,233.4499969482422,22915.490234375,1590.300048828125
1987-12-03,225.2100067138672,22808.16015625,1588.4000244140625
1987-12-04,223.9199981689453,22602.75,1582.699951171875
1987-12-07,228.75999450683597,22586.51953125,1598.0
1987-12-08,234.91000366210935,22948.33984375,1624.4000244140625
1987-12-09,238.88999938964844,22885.69921875,1639.300048828125
1987-12-10,233.57000732421875,23280.83984375,1619.5999755859375
1987-12-11,235.32000732421875,23035.810546875,1651.5999755859375
1987-12-14,242.19000244140625,22926.279296875,1652.5999755859375
1987-12-15,242.80999755859372,22846.73046875,1670.0
1987-12-16,248.0800018310547,22819.419921875,1689.800048828125
1987-12-17,242.97999572753903,22899.830078125,1706.199951171875
1987-12-18,249.16000366210935,22826.970703125,1717.0
1987-12-21,249.5399932861328,22956.83984375,1750.199951171875
1987-12-22,249.9499969482422,22741.01953125,1747.4000244140625
1987-12-23,253.16000366210935,22693.849609375,1771.4000244140625
1987-12-24,252.02999877929688,22543.369140625,1791.0999755859375
