Date,CSCO
1998-01-02,6.295074462890625
1998-01-05,6.281521797180176
1998-01-06,6.200210094451904
1998-01-07,6.017252445220947
1998-01-08,6.085014820098877
1998-01-09,5.881728172302246
1998-01-12,6.037581920623779
1998-01-13,6.071461200714111
1998-01-14,6.179879665374756
1998-01-15,6.2273125648498535
1998-01-16,6.274749279022217
1998-01-20,6.450929641723633
1998-01-21,6.437375545501709
1998-01-22,6.261194229125977
1998-01-23,6.254419326782227
1998-01-26,6.139222145080566
1998-01-27,6.42382287979126
1998-01-28,6.708423137664795
1998-01-29,6.911706447601318
1998-01-30,6.837170600891113
1998-02-02,6.932037830352783
1998-02-03,6.830394268035889
1998-02-04,6.99979829788208
1998-02-05,6.979470729827881
1998-02-06,7.148873805999756
1998-02-09,6.938811779022217
1998-02-10,7.020127773284912
1998-02-11,7.033681392669678
1998-02-12,7.074337005615234
1998-02-13,7.033681392669678
1998-02-17,7.040455341339111
1998-02-18,7.101438999176025
1998-02-19,7.094667911529541
1998-02-20,7.135324954986572
1998-02-23,7.114992618560791
1998-02-24,7.020127773284912
1998-02-25,7.236965656280518
1998-02-26,7.2098612785339355
1998-02-27,7.142099857330322
1998-03-02,7.074337005615234
1998-03-03,6.993023872375488
1998-03-04,7.074337005615234
1998-03-05,6.708423137664795
1998-03-06,6.979470729827881
1998-03-09,6.637274742126465
1998-03-10,6.654214859008789
1998-03-11,6.789735794067383
1998-03-12,6.932037830352783
1998-03-13,6.99979829788208
1998-03-16,6.979470729827881
1998-03-17,6.99979829788208
1998-03-18,6.891378879547119
1998-03-19,6.972692966461182
1998-03-20,6.898156642913818
1998-03-23,7.020127773284912
1998-03-24,7.352162837982178
1998-03-25,7.541891574859619
1998-03-26,7.521566867828369
1998-03-27,7.521566867828369
1998-03-30,7.311503887176514
1998-03-31,7.41314697265625
1998-04-01,7.51478910446167
1998-04-02,7.616431713104248
1998-04-03,7.663867473602295
1998-04-06,7.480910301208496
1998-04-07,7.480910301208496
1998-04-08,7.399593353271484
1998-04-09,7.264070987701416
1998-04-13,7.2098612785339355
1998-04-14,7.338608264923096
1998-04-15,7.663867473602295
1998-04-16,7.609660625457764
1998-04-17,7.6367621421813965
1998-04-20,7.833270072937012
1998-04-21,8.009450912475586
1998-04-22,7.982345104217529
1998-04-23,7.772284507751465
1998-04-24,7.799386501312256
1998-04-27,7.6367621421813965
1998-04-28,7.684194564819336
1998-04-29,7.8061652183532715
1998-04-30,7.941686153411865
1998-05-01,7.982345104217529
1998-05-04,8.12464427947998
1998-05-05,7.982345104217529
1998-05-06,8.239843368530273
1998-05-07,8.172079086303711
1998-05-08,8.212735176086426
1998-05-11,8.104318618774414
1998-05-12,8.280498504638672
1998-05-13,8.239843368530273
1998-05-14,8.24661636352539
1998-05-15,8.280498504638672
1998-05-18,8.429574012756348
1998-05-19,8.715868949890137
1998-05-20,8.524441719055176
1998-05-21,8.429574012756348
1998-05-22,8.334709167480469
1998-05-26,8.239843368530273
1998-05-27,8.436347961425781
1998-05-28,8.402467727661133
1998-05-29,8.199182510375977
1998-06-01,7.975569725036621
1998-06-02,8.287272453308105
1998-06-03,8.090767860412598
1998-06-04,8.334709167480469
1998-06-05,8.395691871643066
1998-06-08,8.402467727661133
1998-06-09,8.619308471679688
1998-06-10,8.57865047454834
1998-06-11,8.571876525878906
1998-06-12,8.57865047454834
1998-06-15,8.483787536621094
1998-06-16,8.666741371154785
1998-06-17,8.748056411743164
1998-06-18,8.903907775878906
1998-06-19,9.012328147888184
1998-06-22,9.174958229064941
1998-06-23,9.41889762878418
1998-06-24,9.52054214477539
1998-06-25,9.439226150512695
1998-06-26,9.744156837463379
1998-06-29,9.95421314239502
1998-06-30,9.981321334838867
1998-07-01,10.252370834350586
1998-07-02,10.042306900024414
1998-07-06,10.082962036132812
1998-07-07,10.05585765838623
1998-07-08,10.218488693237305
1998-07-09,10.076186180114746
1998-07-10,10.076186180114746
1998-07-13,10.218488693237305
1998-07-14,10.286245346069336
1998-07-15,10.360784530639648
1998-07-16,10.381114959716797
1998-07-17,10.81479263305664
1998-07-20,11.187482833862305
1998-07-21,10.726702690124512
1998-07-22,10.679269790649414
1998-07-23,10.747025489807129
1998-07-24,10.597952842712402
1998-07-27,10.570850372314453
1998-07-28,10.408218383789062
1998-07-29,10.191384315490723
1998-07-30,10.679269790649414
1998-07-31,10.381114959716797
1998-08-03,10.462428092956543
1998-08-04,10.096516609191895
1998-08-05,10.489533424377441
1998-08-06,10.77413272857666
1998-08-07,10.503087043762207
1998-08-10,10.753804206848145
1998-08-11,10.625059127807617
1998-08-12,10.68604564666748
1998-08-13,10.482759475708008
1998-08-14,10.455656051635742
1998-08-17,10.6386079788208
1998-08-18,10.862227439880371
1998-08-19,10.977420806884766
1998-08-20,11.126495361328125
1998-08-21,11.14004898071289
1998-08-24,11.16715145111084
1998-08-25,11.268798828125
1998-08-26,11.234917640686035
1998-08-27,10.747025489807129
1998-08-28,10.265918731689453
1998-08-31,8.876799583435059
1998-09-01,9.757706642150879
1998-09-02,9.93388557434082
1998-09-03,9.825468063354492
1998-09-04,9.676393508911133
1998-09-08,10.259143829345703
1998-09-09,9.845797538757324
1998-09-10,9.588299751281738
1998-09-11,10.05585765838623
1998-09-14,10.157503128051758
1998-09-15,10.475983619689941
1998-09-16,10.509861946105957
1998-09-17,10.0016508102417
1998-09-18,9.930498123168945
1998-09-21,10.123619079589844
1998-09-22,10.225264549255371
1998-09-23,10.77413272857666
1998-09-24,10.560685157775879
1998-09-25,10.804628372192383
1998-09-28,10.77413272857666
1998-09-29,10.509861946105957
1998-09-30,10.052469253540039
1998-10-01,9.310478210449219
1998-10-02,9.066535949707031
1998-10-05,7.856985092163086
1998-10-06,7.511401176452637
1998-10-07,7.135324954986572
1998-10-08,7.592715263366699
1998-10-09,8.141586303710938
1998-10-12,8.517666816711426
1998-10-13,8.243229866027832
1998-10-14,8.477006912231445
1998-10-15,9.25965690612793
1998-10-16,9.005552291870117
1998-10-19,9.147849082946777
1998-10-20,8.802263259887695
1998-10-21,9.371466636657715
1998-10-22,9.503597259521484
1998-10-23,9.544255256652832
1998-10-26,9.981321334838867
1998-10-27,9.879679679870605
1998-10-28,10.225264549255371
1998-10-29,10.194768905639648
1998-10-30,10.245591163635254
1998-11-02,10.520030975341797
1998-11-03,10.3065767288208
1998-11-04,10.662327766418457
1998-11-05,11.028238296508789
1998-11-06,10.967254638671875
1998-11-09,10.896106719970703
1998-11-10,10.896106719970703
1998-11-11,10.743643760681152
1998-11-12,10.601343154907227
1998-11-13,10.520030975341797
1998-11-16,10.885941505432129
1998-11-17,11.180706977844238
1998-11-18,11.851548194885254
1998-11-19,11.922698974609375
1998-11-20,12.136147499084473
1998-11-23,12.39025592803955
1998-11-24,12.39025592803955
1998-11-25,12.532552719116211
1998-11-27,13.010273933410645
1998-11-30,12.258118629455566
1998-12-01,12.969618797302246
1998-12-02,12.725674629211426
1998-12-03,12.39025592803955
1998-12-04,12.725674629211426
1998-12-07,13.04076862335205
1998-12-08,12.979785919189453
1998-12-09,13.132250785827637
1998-12-10,13.20339298248291
1998-12-11,13.579471588134766
1998-12-14,13.071260452270508
1998-12-15,13.620128631591797
1998-12-16,13.447338104248047
1998-12-17,13.80308723449707
1998-12-18,14.707715034484863
1998-12-21,15.398881912231445
1998-12-22,15.25657844543457
1998-12-23,15.693652153015137
1998-12-24,15.317566871643066
1998-12-28,15.317566871643066
1998-12-29,15.205763816833496
1998-12-30,15.07361888885498
1998-12-31,15.093951225280762
1999-01-04,15.50052547454834
1999-01-05,15.764792442321777
1999-01-06,16.222185134887695
1999-01-07,16.852375030517578
1999-01-08,17.350421905517578
1999-01-11,17.025165557861328
1999-01-12,15.957916259765625
1999-01-13,15.592001914978027
1999-01-14,15.673319816589355
1999-01-15,16.537281036376953
1999-01-19,17.29960060119629
1999-01-20,17.258943557739258
1999-01-21,16.476293563842773
1999-01-22,16.720237731933594
1999-01-25,16.821882247924805
1999-01-26,17.421573638916016
1999-01-27,16.821882247924805
1999-01-28,17.7061710357666
1999-01-29,18.143238067626953
1999-02-01,18.7022705078125
1999-02-02,18.277912139892578
1999-02-03,18.072084426879883
1999-02-04,17.11664581298828
1999-02-05,16.466129302978516
1999-02-08,16.577930450439453
1999-02-09,15.602167129516602
1999-02-10,16.02906608581543
1999-02-11,17.0556583404541
1999-02-12,16.110380172729492
1999-02-16,16.110380172729492
1999-02-17,15.470026969909668
1999-02-18,15.642827987670898
1999-02-19,15.795287132263184
1999-02-22,16.598264694213867
1999-02-23,16.740562438964844
1999-02-24,16.252687454223633
1999-02-25,16.018901824951172
1999-02-26,15.90709400177002
1999-03-01,16.17136001586914
1999-03-02,15.561515808105469
1999-03-03,15.470026969909668
1999-03-04,15.978241920471191
1999-03-05,16.394981384277344
1999-03-08,17.004837036132812
1999-03-09,17.12681007385254
1999-03-10,16.974346160888672
1999-03-11,17.15730094909668
1999-03-12,16.791383743286133
1999-03-15,17.075986862182617
1999-03-16,17.238616943359375
1999-03-17,17.2487735748291
1999-03-18,17.380916595458984
1999-03-19,16.994672775268555
1999-03-22,16.710079193115234
1999-03-23,16.313657760620117
1999-03-24,16.984506607055664
1999-03-25,17.47239875793457
1999-03-26,17.10647201538086
1999-03-29,17.889129638671875
1999-03-30,17.878965377807617
1999-03-31,17.81797981262207
1999-04-01,17.878965377807617
1999-04-05,18.61079216003418
1999-04-06,18.74293327331543
1999-04-07,19.312124252319336
1999-04-08,19.129173278808594
1999-04-09,19.21048927307129
1999-04-12,19.149499893188477
1999-04-13,18.559968948364258
1999-04-14,18.011104583740234
1999-04-15,17.93994903564453
1999-04-16,17.187795639038086
1999-04-19,16.262845993041992
1999-04-20,16.51695442199707
1999-04-21,17.553712844848633
1999-04-22,18.407503128051758
1999-04-23,19.088510513305664
1999-04-26,19.129173278808594
1999-04-27,18.712434768676758
1999-04-28,18.173730850219727
1999-04-29,17.756994247436523
1999-04-30,18.549808502197266
1999-05-03,18.478654861450195
1999-05-04,17.665515899658203
1999-05-05,18.046672821044922
1999-05-06,17.391077041625977
1999-05-07,17.64518928527832
1999-05-10,17.76715850830078
1999-05-11,18.194055557250977
1999-05-12,19.312124252319336
1999-05-13,19.13933753967285
1999-05-14,18.773418426513672
1999-05-17,18.936050415039062
1999-05-18,18.8953914642334
1999-05-19,18.956377029418945
1999-05-20,18.6616153717041
1999-05-21,18.41767120361328
1999-05-24,17.787487030029297
1999-05-25,16.974346160888672
1999-05-26,17.746829986572266
1999-05-27,17.563871383666992
1999-05-28,17.726497650146484
1999-06-01,17.411407470703125
1999-06-02,17.909460067749023
1999-06-03,17.696008682250977
1999-06-04,18.681941986083984
1999-06-07,18.763254165649414
1999-06-08,18.163562774658203
1999-06-09,18.498985290527344
1999-06-10,17.960277557373047
1999-06-11,18.000934600830078
1999-06-14,17.53337287902832
1999-06-15,18.08224868774414
1999-06-16,18.90555763244629
1999-06-17,19.088510513305664
1999-06-18,19.413768768310547
1999-06-21,20.023624420166016
1999-06-22,19.352787017822266
1999-06-23,20.12527084350586
1999-06-24,19.596729278564453
1999-06-25,19.942306518554688
1999-06-28,20.145601272583008
1999-06-29,20.32855224609375
1999-06-30,20.958744049072266
1999-07-01,20.93841552734375
1999-07-02,21.812536239624023
1999-07-06,21.69057273864746
1999-07-07,21.54826545715332
1999-07-08,21.609256744384766
1999-07-09,21.812536239624023
1999-07-12,21.344982147216797
1999-07-13,21.223011016845703
1999-07-14,21.24333381652832
1999-07-15,21.649913787841797
1999-07-16,21.46695899963379
1999-07-19,21.121370315551758
1999-07-20,20.247238159179688
1999-07-21,20.511512756347656
1999-07-22,19.881332397460938
1999-07-23,20.47085952758789
1999-07-26,19.86099624633789
1999-07-27,20.47085952758789
1999-07-28,20.592819213867188
1999-07-29,20.084613800048828
1999-07-30,20.206584930419922
1999-08-02,20.104938507080078
1999-08-03,19.881332397460938
1999-08-04,19.67803382873535
1999-08-05,20.0033016204834
1999-08-06,20.247238159179688
1999-08-09,19.45442771911621
1999-08-10,19.108840942382812
1999-08-11,20.47085952758789
1999-08-12,20.06429100036621
1999-08-13,20.674142837524414
1999-08-16,20.65381622314453
1999-08-17,20.89775848388672
1999-08-18,20.592819213867188
1999-08-19,20.247238159179688
1999-08-20,20.857086181640625
1999-08-23,21.38564682006836
1999-08-24,21.58892059326172
1999-08-25,22.32075309753418
1999-08-26,22.422393798828125
1999-08-27,22.28009796142578
1999-08-30,21.710899353027344
1999-08-31,22.056476593017578
1999-09-01,22.422393798828125
1999-09-02,22.19878387451172
1999-09-03,23.07291030883789
1999-09-07,22.88994789123535
1999-09-08,22.422393798828125
1999-09-09,22.747650146484375
1999-09-10,23.011919021606445
1999-09-13,22.991594314575195
1999-09-14,23.39816665649414
1999-09-15,22.930614471435547
1999-09-16,22.930614471435547
1999-09-17,23.906381607055664
1999-09-20,23.80474090576172
1999-09-21,23.13389778137207
1999-09-22,23.49980926513672
1999-09-23,22.564701080322266
1999-09-24,22.44272232055664
1999-09-27,22.158124923706055
1999-09-28,22.23944091796875
1999-09-29,21.73122215270996
1999-09-30,22.30042839050293
1999-10-01,22.402070999145508
1999-10-04,22.930614471435547
1999-10-05,23.296518325805664
1999-10-06,23.393085479736328
1999-10-07,23.052583694458008
1999-10-08,23.357507705688477
1999-10-11,23.560791015625
1999-10-12,23.337181091308594
1999-10-13,22.869630813598633
1999-10-14,22.564701080322266
1999-10-15,21.85319709777832
1999-10-18,21.914182662963867
1999-10-19,21.914182662963867
1999-10-20,22.747650146484375
1999-10-21,22.503707885742188
1999-10-22,21.649913787841797
1999-10-25,21.62958526611328
1999-10-26,21.873531341552734
1999-10-27,22.503707885742188
1999-10-28,23.07291030883789
1999-10-29,24.06900978088379
1999-11-01,23.703096389770508
1999-11-02,23.906381607055664
1999-11-03,23.255863189697266
1999-11-04,22.767990112304688
1999-11-05,23.886051177978516
1999-11-08,24.495912551879883
1999-11-09,24.150327682495117
1999-11-10,25.857912063598633
1999-11-11,27.240257263183594
1999-11-12,27.138622283935547
1999-11-15,26.935331344604492
1999-11-16,27.48421287536621
1999-11-17,27.565515518188477
1999-11-18,28.60228729248047
1999-11-19,28.66326904296875
1999-11-22,28.459970474243164
1999-11-23,28.78524398803711
1999-11-24,30.065935134887695
1999-11-26,30.30986785888672
1999-11-29,30.167566299438477
1999-11-30,29.008848190307617
1999-12-01,29.74066925048828
1999-12-02,30.411527633666992
1999-12-03,31.082353591918945
1999-12-06,31.956483840942383
1999-12-07,33.013572692871094
1999-12-08,32.505374908447266
1999-12-09,32.07847213745117
1999-12-10,32.46470642089844
1999-12-13,32.911930084228516
1999-12-14,31.85484504699707
1999-12-15,31.184003829956055
1999-12-16,31.834522247314453
1999-12-17,32.42404556274414
1999-12-20,33.582767486572266
1999-12-21,33.82670593261719
1999-12-22,33.338836669921875
1999-12-23,33.96901321411133
1999-12-27,34.21294403076172
1999-12-28,34.21294403076172
1999-12-29,34.517887115478516
1999-12-30,34.53821563720703
1999-12-31,34.84314727783203
2000-01-03,35.14807891845703
2000-01-04,33.17620086669922
2000-01-05,33.074562072753906
2000-01-06,32.525691986083984
2000-01-07,34.43656921386719
2000-01-10,35.71729278564453
2000-01-11,34.639854431152344
2000-01-12,33.76572799682617
2000-01-13,34.53821563720703
2000-01-14,34.985435485839844
2000-01-18,36.42876434326172
2000-01-19,36.53040313720703
2000-01-20,36.550750732421875
2000-01-21,37.48586654663086
2000-01-24,35.47331619262695
2000-01-25,36.46942138671875
2000-01-26,34.86347198486328
2000-01-27,34.680519104003906
2000-01-28,33.78606033325195
2000-01-31,35.615631103515625
2000-02-01,38.31932067871094
2000-02-02,37.03862762451172
2000-02-03,38.31932067871094
2000-02-04,39.39675521850586
2000-02-07,40.718101501464844
2000-02-08,40.92137908935547
2000-02-09,41.89714813232422
2000-02-10,44.2146110534668
2000-02-11,42.58833694458008
2000-02-14,42.446022033691406
2000-02-15,41.63287353515625
2000-02-16,41.3635368347168
2000-02-17,42.446022033691406
2000-02-18,40.92137908935547
2000-02-22,40.3115234375
2000-02-23,45.08872604370117
2000-02-24,44.64150619506836
2000-02-25,43.17784118652344
2000-02-28,42.46635055541992
2000-02-29,42.99488830566406
2000-03-01,42.832271575927734
2000-03-02,43.17784118652344
2000-03-03,44.70249557495117
2000-03-06,44.27558898925781
2000-03-07,42.954227447509766
2000-03-08,43.055885314941406
2000-03-09,45.31235122680664
2000-03-10,44.35690689086914
2000-03-13,44.29592514038086
2000-03-14,42.85259246826172
2000-03-15,41.83616638183594
2000-03-16,42.82718276977539
2000-03-17,43.90968322753906
2000-03-20,43.62507247924805
2000-03-21,45.81547546386719
2000-03-22,46.958961486816406
2000-03-23,50.61810302734375
2000-03-24,51.63454818725586
2000-03-27,52.081756591796875
2000-03-28,50.658756256103516
2000-03-29,49.479713439941406
2000-03-30,47.894065856933594
2000-03-31,50.29285430908203
2000-04-03,47.446842193603516
2000-04-04,47.56882095336914
2000-04-05,46.91830825805664
2000-04-06,46.71501541137695
2000-04-07,48.74787139892578
2000-04-10,47.20291519165039
2000-04-11,45.535980224609375
2000-04-12,42.28340148925781
2000-04-13,39.762664794921875
2000-04-14,37.07929229736328
2000-04-17,43.25917053222656
2000-04-18,45.048065185546875
2000-04-19,43.01521682739258
2000-04-20,42.36471176147461
2000-04-24,41.266963958740234
2000-04-25,42.93391799926758
2000-04-26,43.42179870605469
2000-04-27,44.88544464111328
2000-04-28,45.09889221191406
2000-05-01,46.47107696533203
2000-05-02,44.234947204589844
2000-05-03,42.97457504272461
2000-05-04,41.388946533203125
2000-05-05,44.07230758666992
2000-05-08,40.81975555419922
2000-05-09,40.81975555419922
2000-05-10,38.055057525634766
2000-05-11,39.193458557128906
2000-05-12,38.990169525146484
2000-05-15,39.030826568603516
2000-05-16,39.39675521850586
2000-05-17,37.72978210449219
2000-05-18,36.02220916748047
2000-05-19,34.76183319091797
2000-05-22,35.940895080566406
2000-05-23,32.881439208984375
2000-05-24,35.85957336425781
2000-05-25,35.45299530029297
2000-05-26,35.73759841918945
2000-05-30,38.949520111083984
2000-05-31,37.03862762451172
2000-06-01,39.64067840576172
2000-06-02,41.8768310546875
2000-06-05,41.144981384277344
2000-06-06,39.884613037109375
2000-06-07,40.901058197021484
2000-06-08,41.429595947265625
2000-06-09,41.8768310546875
2000-06-12,40.413169860839844
2000-06-13,42.28340148925781
2000-06-14,42.405372619628906
2000-06-15,43.25917053222656
2000-06-16,44.112953186035156
2000-06-19,44.84478759765625
2000-06-20,43.66574478149414
2000-06-21,43.8690185546875
2000-06-22,41.998783111572266
2000-06-23,40.73843002319336
2000-06-26,40.86039352416992
2000-06-27,40.494476318359375
2000-06-28,41.34828567504883
2000-06-29,39.80330276489258
2000-06-30,41.34828567504883
2000-07-03,42.03944778442383
2000-07-05,40.25054168701172
2000-07-06,42.120758056640625
2000-07-07,42.527320861816406
2000-07-10,41.06367492675781
2000-07-11,40.413169860839844
2000-07-12,41.55156707763672
2000-07-13,42.446022033691406
2000-07-14,44.39756774902344
2000-07-17,45.29201889038086
2000-07-18,43.74706268310547
2000-07-19,43.46244430541992
2000-07-20,45.2107048034668
2000-07-21,44.31624984741211
2000-07-24,42.97457504272461
2000-07-25,44.31624984741211
2000-07-26,44.60085678100586
2000-07-27,44.234947204589844
2000-07-28,40.86039352416992
2000-07-31,42.567996978759766
2000-08-01,41.10433578491211
2000-08-02,39.64067840576172
2000-08-03,41.8768310546875
2000-08-04,42.64931106567383
2000-08-07,43.09653091430664
2000-08-08,42.60866165161133
2000-08-09,44.112953186035156
2000-08-10,41.2263069152832
2000-08-11,41.83616638183594
2000-08-14,41.958133697509766
2000-08-15,41.10433578491211
2000-08-16,41.02302551269531
2000-08-17,41.266963958740234
2000-08-18,41.30763244628906
2000-08-21,42.60866165161133
2000-08-22,42.16141891479492
2000-08-23,43.70639419555664
2000-08-24,43.25917053222656
2000-08-25,42.60866165161133
2000-08-28,42.97457504272461
2000-08-29,43.299827575683594
2000-08-30,43.299827575683594
2000-08-31,44.64150619506836
2000-09-01,44.60085678100586
2000-09-05,42.93391799926758
2000-09-06,41.79551696777344
2000-09-07,43.09653091430664
2000-09-08,41.55156707763672
2000-09-11,39.80330276489258
2000-09-12,38.29899978637695
2000-09-13,39.884613037109375
2000-09-14,39.84395980834961
2000-09-15,40.81975555419922
2000-09-18,39.07148361206055
2000-09-19,40.33184814453125
2000-09-20,41.06367492675781
2000-09-21,39.762664794921875
2000-09-22,39.2341194152832
2000-09-25,37.20124053955078
2000-09-26,35.90022277832031
2000-09-27,37.28257369995117
2000-09-28,38.6649169921875
2000-09-29,35.940895080566406
2000-10-02,36.10350799560547
2000-10-03,36.59139633178711
2000-10-04,38.09571838378906
2000-10-05,37.44519805908203
2000-10-06,36.550750732421875
2000-10-09,34.9244499206543
2000-10-10,33.25752258300781
2000-10-11,33.29816818237305
2000-10-12,32.40371322631836
2000-10-13,36.46942138671875
2000-10-16,35.45299530029297
2000-10-17,35.49365997314453
2000-10-18,33.98934555053711
2000-10-19,37.89242172241211
2000-10-20,37.28257369995117
2000-10-23,36.34746170043945
2000-10-24,35.69694519042969
2000-10-25,32.93225860595703
2000-10-26,34.84314727783203
2000-10-27,32.97291946411133
2000-10-30,31.265323638916016
2000-10-31,35.04642105102539
2000-11-01,33.90802764892578
2000-11-02,36.266143798828125
2000-11-03,36.91665267944336
2000-11-06,35.85957336425781
2000-11-07,36.91665267944336
2000-11-08,33.90802764892578
2000-11-09,34.639854431152344
2000-11-10,32.56634521484375
2000-11-13,32.76963424682617
2000-11-14,34.55854415893555
2000-11-15,34.84314727783203
2000-11-16,33.21686935424805
2000-11-17,34.31460189819336
2000-11-20,33.338836669921875
2000-11-21,34.9244499206543
2000-11-22,32.89160919189453
2000-11-24,34.273948669433594
2000-11-27,33.338836669921875
2000-11-28,33.17620086669922
2000-11-29,33.62342834472656
2000-11-30,31.143339157104492
2000-12-01,31.549924850463867
2000-12-04,29.801660537719727
2000-12-05,33.90802764892578
2000-12-06,33.46080017089844
2000-12-07,32.48503494262695
2000-12-08,34.0706672668457
2000-12-11,35.656288146972656
2000-12-12,35.3716926574707
2000-12-13,33.25752258300781
2000-12-14,33.13554763793945
2000-12-15,31.336477279663086
2000-12-18,27.931427001953125
2000-12-19,27.15894317626953
2000-12-20,23.743759155273438
2000-12-21,25.288726806640625
2000-12-22,26.996326446533203
2000-12-26,26.508424758911133
2000-12-27,26.508424758911133
2000-12-28,25.735946655273438
2000-12-29,24.882152557373047
2001-01-02,21.670246124267578
2001-01-03,26.874353408813477
2001-01-04,27.240257263183594
2001-01-05,23.825061798095703
2001-01-08,23.77424430847168
2001-01-09,24.150327682495117
2001-01-10,23.581127166748047
2001-01-11,25.45134925842285
2001-01-12,24.760183334350586
2001-01-16,25.044776916503906
2001-01-17,25.370046615600586
2001-01-18,27.240257263183594
2001-01-19,26.264501571655273
2001-01-22,26.955665588378906
2001-01-23,27.728151321411133
2001-01-24,27.687496185302734
2001-01-25,25.573328018188477
2001-01-26,24.963464736938477
2001-01-29,24.231632232666016
2001-01-30,24.719518661499023
2001-01-31,24.353614807128906
2001-02-01,24.882152557373047
2001-02-02,23.09324073791504
2001-02-05,22.483379364013672
2001-02-06,23.255863189697266
2001-02-07,20.206584930419922
2001-02-08,19.515413284301758
2001-02-09,18.33635711669922
2001-02-12,19.230812072753906
2001-02-13,18.53964614868164
2001-02-14,19.108840942382812
2001-02-15,20.04395866394043
2001-02-16,18.37700653076172
2001-02-20,16.95401382446289
2001-02-21,16.344158172607422
2001-02-22,17.197954177856445
2001-02-23,17.563871383666992
2001-02-26,16.95401382446289
2001-02-27,15.612330436706543
2001-02-28,15.40904426574707
2001-03-01,15.93758773803711
2001-03-02,14.43327522277832
2001-03-05,15.012639999389648
2001-03-06,15.612330436706543
2001-03-07,15.612330436706543
2001-03-08,14.839847564697266
2001-03-09,13.41684627532959
2001-03-12,12.237791061401367
2001-03-13,13.904735565185547
2001-03-14,13.172906875610352
2001-03-15,13.213557243347168
2001-03-16,12.969618797302246
2001-03-19,13.538820266723633
2001-03-20,12.400420188903809
2001-03-21,12.563043594360352
2001-03-22,12.84764575958252
2001-03-23,12.156476020812988
2001-03-26,11.627931594848633
2001-03-27,11.790563583374023
2001-03-28,10.245591163635254
2001-03-29,9.920336723327637
2001-03-30,10.286245346069336
2001-04-02,9.798364639282227
2001-04-03,8.944564819335938
2001-04-04,8.903907775878906
2001-04-05,9.717048645019531
2001-04-06,8.863248825073242
2001-04-09,9.425945281982422
2001-04-10,10.317147254943848
2001-04-11,11.318936347961426
2001-04-12,11.696234703063965
2001-04-16,11.188838005065918
2001-04-17,10.837557792663574
2001-04-18,11.663711547851562
2001-04-19,12.301216125488281
2001-04-20,12.457338333129883
2001-04-23,11.273404121398926
2001-04-24,10.577353477478027
2001-04-25,10.232580184936523
2001-04-26,9.894314765930176
2001-04-27,10.148015022277832
2001-04-30,11.045722007751465
2001-05-01,11.579146385192871
2001-05-02,13.010273933410645
2001-05-03,12.138586044311523
2001-05-04,12.77609634399414
2001-05-07,12.522388458251953
2001-05-08,13.257467269897461
2001-05-09,12.444331169128418
2001-05-10,12.249175071716309
2001-05-11,12.392285346984863
2001-05-14,12.08004379272461
2001-05-15,12.190629005432129
2001-05-16,13.010273933410645
2001-05-17,12.91920280456543
2001-05-18,13.140379905700684
2001-05-21,14.877250671386719
2001-05-22,15.274057388305664
2001-05-23,14.545490264892578
2001-05-24,14.903267860412598
2001-05-25,14.343832015991211
2001-05-29,13.309510231018066
2001-05-30,12.359759330749512
2001-05-31,12.528894424438477
2001-06-01,12.262188911437988
2001-06-04,12.834635734558105
2001-06-05,14.012066841125488
2001-06-06,13.504666328430176
2001-06-07,14.194211959838867
2001-06-08,13.329026222229004
2001-06-11,13.257467269897461
2001-06-12,13.250964164733887
2001-06-13,12.372770309448242
2001-06-14,11.540111541748047
2001-06-15,10.831052780151367
2001-06-18,10.733479499816895
2001-06-19,10.824546813964844
2001-06-20,10.668424606323242
2001-06-21,11.501080513000488
2001-06-22,11.397005081176758
2001-06-25,12.041008949279785
2001-06-26,11.722258567810059
2001-06-27,11.663711547851562
2001-06-28,12.086542129516602
2001-06-29,11.839349746704102
2001-07-02,12.502873420715332
2001-07-03,12.48336410522461
2001-07-05,11.436034202575684
2001-07-06,10.922130584716797
2001-07-09,11.22136116027832
2001-07-10,10.538326263427734
2001-07-11,10.863582611083984
2001-07-12,11.618176460266113
2001-07-13,12.190629005432129
2001-07-16,11.52059555053711
2001-07-17,11.572640419006348
2001-07-18,11.156311988830566
2001-07-19,11.553128242492676
2001-07-20,11.702742576599121
2001-07-23,11.884885787963867
2001-07-24,11.95644760131836
2001-07-25,12.1646089553833
2001-07-26,12.606958389282227
2001-07-27,12.398794174194336
2001-07-30,12.288207054138184
2001-07-31,12.502873420715332
2001-08-01,13.205429077148438
2001-08-02,13.172906875610352
2001-08-03,13.042800903320312
2001-08-06,12.711036682128906
2001-08-07,12.528894424438477
2001-08-08,11.696234703063965
2001-08-09,11.897896766662598
2001-08-10,11.92391586303711
2001-08-13,11.845853805541992
2001-08-14,11.481569290161133
2001-08-15,11.058736801147461
2001-08-16,11.370980262756348
2001-08-17,10.805034637451172
2001-08-20,10.993681907653809
2001-08-21,10.414727210998535
2001-08-22,10.720465660095215
2001-08-23,10.902612686157227
2001-08-24,11.871879577636719
2001-08-27,11.715754508972168
2001-08-28,11.117277145385742
2001-08-29,11.1107759475708
2001-08-30,10.414727210998535
2001-08-31,10.622889518737793
2001-09-04,10.258604049682617
2001-09-05,9.679643630981445
2001-09-06,9.36739444732666
2001-09-07,9.341377258300781
2001-09-10,9.412933349609375
2001-09-17,9.10719108581543
2001-09-18,8.827473640441895
2001-09-19,8.775431632995605
2001-09-20,8.378619194030762
2001-09-21,7.864711284637451
2001-09-24,8.170453071594238
2001-09-25,8.1964750289917
2001-09-26,7.95578145980835
2001-09-27,7.311774253845215
2001-09-28,7.923257350921631
2001-10-01,7.741116046905518
2001-10-02,7.467899799346924
2001-10-03,9.074664115905762
2001-10-04,9.380410194396973
2001-10-05,9.718674659729004
2001-10-08,9.790230751037598
2001-10-09,9.490995407104492
2001-10-10,9.855286598205566
2001-10-11,10.707457542419434
2001-10-12,11.02620792388916
2001-10-15,10.544827461242676
2001-10-16,11.039215087890625
2001-10-17,10.148015022277832
2001-10-18,10.876590728759766
2001-10-19,10.876590728759766
2001-10-22,10.94814682006836
2001-10-23,10.674933433532715
2001-10-24,11.208351135253906
2001-10-25,11.540111541748047
2001-10-26,11.247384071350098
2001-10-29,10.681437492370605
2001-10-30,10.779012680053711
2001-10-31,11.006692886352539
2001-11-01,11.488075256347656
2001-11-02,11.227867126464844
2001-11-05,11.644198417663574
2001-11-06,12.014988899230957
2001-11-07,12.314223289489746
2001-11-08,12.418310165405273
2001-11-09,12.489867210388184
2001-11-12,12.528894424438477
2001-11-13,12.737061500549316
2001-11-14,12.93871784210205
2001-11-15,13.101350784301758
2001-11-16,13.02328109741211
2001-11-19,13.472140312194824
2001-11-20,12.873669624328613
2001-11-21,12.457338333129883
2001-11-23,12.743571281433105
2001-11-26,12.96474838256836
2001-11-27,12.815125465393066
2001-11-28,12.28170394897461
2001-11-29,12.93871784210205
2001-11-30,13.296502113342285
2001-12-03,12.91920280456543
2001-12-04,13.348544120788574
2001-12-05,14.012066841125488
2001-12-06,14.174701690673828
2001-12-07,13.76486873626709
2001-12-10,13.491653442382812
2001-12-11,13.517675399780273
2001-12-12,13.33553409576416
2001-12-13,12.366260528564453
2001-12-14,12.61346435546875
2001-12-17,12.528894424438477
2001-12-18,12.763083457946777
2001-12-19,12.587443351745605
2001-12-20,11.897896766662598
2001-12-21,11.832841873168945
2001-12-24,11.780807495117188
2001-12-26,11.865374565124512
2001-12-27,12.028000831604004
2001-12-28,12.060522079467773
2001-12-31,11.780807495117188
2002-01-02,12.509377479553223
2002-01-03,13.504666328430176
2002-01-04,13.550200462341309
2002-01-07,13.355048179626465
2002-01-08,13.628267288208008
2002-01-09,13.563214302062988
2002-01-10,13.660788536071777
2002-01-11,13.146882057189941
2002-01-14,12.769583702087402
2002-01-15,12.80211353302002
2002-01-16,12.320734024047852
2002-01-17,12.67200756072998
2002-01-18,12.262188911437988
2002-01-22,11.748279571533203
2002-01-23,12.314223289489746
2002-01-24,12.392285346984863
2002-01-25,12.444331169128418
2002-01-28,12.815125465393066
2002-01-29,12.366260528564453
2002-01-30,12.580934524536133
2002-01-31,12.88017463684082
2002-02-01,12.49637222290039
2002-02-04,11.910904884338379
2002-02-05,12.034504890441895
2002-02-06,12.106062889099121
2002-02-07,11.097764015197754
2002-02-08,10.902612686157227
2002-02-11,11.507591247558594
2002-02-12,11.227867126464844
2002-02-13,11.397005081176758
2002-02-14,11.357973098754883
2002-02-15,11.117277145385742
2002-02-19,10.935136795043945
2002-02-20,10.857074737548828
2002-02-21,9.829261779785156
2002-02-22,9.913829803466797
2002-02-25,10.148015022277832
2002-02-26,10.082962036132812
2002-02-27,9.263317108154297
2002-02-28,9.282830238342285
2002-03-01,9.757706642150879
2002-03-04,10.720465660095215
2002-03-05,10.739983558654785
2002-03-06,10.909114837646484
2002-03-07,11.058736801147461
2002-03-08,11.579146385192871
2002-03-11,11.331947326660156
2002-03-12,10.909114837646484
2002-03-13,10.642407417297363
2002-03-14,10.889604568481445
2002-03-15,10.759496688842773
2002-03-18,10.746491432189941
2002-03-19,10.889604568481445
2002-03-20,10.421232223510742
2002-03-21,10.726970672607422
2002-03-22,10.779012680053711
2002-03-25,10.525310516357422
2002-03-26,10.596872329711914
2002-03-27,10.629396438598633
2002-03-28,11.013199806213379
2002-04-01,11.397005081176758
2002-04-02,10.681437492370605
2002-04-03,10.798528671264648
2002-04-04,10.974163055419922
2002-04-05,10.505794525146484
2002-04-08,10.525310516357422
2002-04-09,9.640613555908203
2002-04-10,10.11548900604248
2002-04-11,9.673140525817871
2002-04-12,9.952862739562988
2002-04-15,9.764212608337402
2002-04-16,10.135004997253418
2002-04-17,10.388704299926758
2002-04-18,10.043935775756836
2002-04-19,9.926838874816895
2002-04-22,9.673140525817871
2002-04-23,9.113698959350586
2002-04-24,9.386911392211914
2002-04-25,9.490995407104492
2002-04-26,9.048645973205566
2002-04-29,9.191762924194336
2002-04-30,9.530024528503418
2002-05-01,8.912040710449219
2002-05-02,8.873007774353027
2002-05-03,8.547751426696777
2002-05-06,8.385124206542969
2002-05-07,8.508720397949219
2002-05-08,10.583858489990234
2002-05-09,10.245591163635254
2002-05-10,10.030922889709473
2002-05-13,10.213067054748535
2002-05-14,10.700952529907227
2002-05-15,10.77251148223877
2002-05-16,11.065241813659668
2002-05-17,11.22136116027832
2002-05-20,10.785518646240234
2002-05-21,10.512304306030273
2002-05-22,10.77251148223877
2002-05-23,10.993681907653809
2002-05-24,10.779012680053711
2002-05-28,10.655415534973145
2002-05-29,10.1805419921875
2002-05-30,10.414727210998535
2002-05-31,10.265106201171875
2002-06-03,9.97237491607666
2002-06-04,10.4602632522583
2002-06-05,10.356181144714355
2002-06-06,10.0569429397583
2002-06-07,10.232580184936523
2002-06-10,10.06344985961914
2002-06-11,9.751202583312988
2002-06-12,9.946355819702148
2002-06-13,9.686150550842285
2002-06-14,9.302347183227539
2002-06-17,9.803239822387695
2002-06-18,9.569055557250977
2002-06-19,9.425945281982422
2002-06-20,9.159234046936035
2002-06-21,8.938060760498047
2002-06-24,9.146224975585938
2002-06-25,8.749410629272461
2002-06-26,8.736400604248047
2002-06-27,8.990099906921387
2002-06-28,9.074664115905762
2002-07-01,8.515230178833008
2002-07-02,8.170453071594238
2002-07-03,8.48270320892334
2002-07-05,9.139719009399414
2002-07-08,8.892520904541016
2002-07-09,8.547751426696777
2002-07-10,8.78843879699707
2002-07-11,9.139719009399414
2002-07-12,9.354391098022461
2002-07-15,9.393417358398438
2002-07-16,9.282830238342285
2002-07-17,9.627602577209473
2002-07-18,9.328368186950684
2002-07-19,8.879515647888184
2002-07-22,8.443665504455566
2002-07-23,8.131422996520996
2002-07-24,8.515230178833008
2002-07-25,7.552464962005615
2002-07-26,7.689072132110596
2002-07-29,8.658337593078613
2002-07-30,8.677854537963867
2002-07-31,8.580277442932129
2002-08-01,7.871214389801025
2002-08-02,7.734609603881836
2002-08-05,7.389834880828857
2002-08-06,7.851702690124512
2002-08-07,8.450170516967773
2002-08-08,8.586780548095703
2002-08-09,8.534741401672363
2002-08-12,8.723386764526367
2002-08-13,8.697366714477539
2002-08-14,9.33487606048584
2002-08-15,9.341377258300781
2002-08-16,9.399922370910645
2002-08-19,9.57556438446045
2002-08-20,9.582066535949707
2002-08-21,9.829261779785156
2002-08-22,9.822754859924316
2002-08-23,9.399922370910645
2002-08-26,9.425945281982422
2002-08-27,9.12020492553711
2002-08-28,8.925050735473633
2002-08-29,9.237297058105469
2002-08-30,8.990099906921387
2002-09-03,8.502217292785645
2002-09-04,8.632316589355469
2002-09-05,8.307059288024902
2002-09-06,8.47619915008545
2002-09-09,8.430657386779785
2002-09-10,8.736400604248047
2002-09-11,8.827473640441895
2002-09-12,8.48270320892334
2002-09-13,8.489205360412598
2002-09-16,8.41114330291748
2002-09-17,8.157444953918457
2002-09-18,8.131422996520996
2002-09-19,7.8061652183532715
2002-09-20,7.858205795288086
2002-09-23,7.780145645141602
2002-09-24,7.435372829437256
2002-09-25,7.780145645141602
2002-09-26,7.389834880828857
2002-09-27,7.305269241333008
2002-09-30,6.817385673522949
2002-10-01,7.116621494293213
2002-10-02,6.537664413452148
2002-10-03,6.381541728973389
2002-10-04,6.153860092163086
2002-10-07,5.9066643714904785
2002-10-08,5.594419002532959
2002-10-09,6.004241943359375
2002-10-10,6.33600378036499
2002-10-11,6.7133026123046875
2002-10-14,6.498631000518799
2002-10-15,7.1491475105285645
2002-10-16,6.381541728973389
2002-10-17,6.615724563598633
2002-10-18,6.836899757385254
2002-10-21,7.123125076293945
2002-10-22,7.298765182495117
2002-10-23,7.324785232543945
2002-10-24,7.643536567687988
2002-10-25,7.663051605224609
2002-10-28,7.090600490570068
2002-10-29,6.895445346832275
2002-10-30,7.097105979919434
2002-10-31,7.272745132446289
2002-11-01,7.552464962005615
2002-11-04,8.007823944091797
2002-11-05,8.255020141601562
2002-11-06,8.430657386779785
2002-11-07,8.033843040466309
2002-11-08,8.170453071594238
2002-11-11,7.910248279571533
2002-11-12,8.372110366821289
2002-11-13,8.72989273071289
2002-11-14,9.10719108581543
2002-11-15,9.159234046936035
2002-11-18,9.048645973205566
2002-11-19,8.88602066040039
2002-11-20,9.354391098022461
2002-11-21,9.913829803466797
2002-11-22,9.686150550842285
2002-11-25,9.686150550842285
2002-11-26,9.399922370910645
2002-11-27,9.647117614746094
2002-11-29,9.70566463470459
2002-12-02,9.796737670898438
2002-12-03,9.445462226867676
2002-12-04,9.386911392211914
2002-12-05,9.178749084472656
2002-12-06,9.224285125732422
2002-12-09,8.781935691833496
2002-12-10,9.061657905578613
2002-12-11,9.00961971282959
2002-12-12,9.178749084472656
2002-12-13,8.71688461303711
2002-12-16,8.892520904541016
2002-12-17,8.88602066040039
2002-12-18,8.599788665771484
2002-12-19,8.456676483154297
2002-12-20,8.632316589355469
2002-12-23,8.742904663085938
2002-12-24,8.684357643127441
2002-12-26,8.521730422973633
2002-12-27,8.46318244934082
2002-12-30,8.437165260314941
2002-12-31,8.521730422973633
2003-01-02,8.873007774353027
2003-01-03,9.048645973205566
2003-01-06,9.237297058105469
2003-01-07,9.497498512268066
2003-01-08,9.393417358398438
2003-01-09,9.725177764892578
2003-01-10,9.900818824768066
2003-01-13,9.939847946166992
2003-01-14,10.135004997253418
2003-01-15,9.874800682067871
2003-01-16,9.692657470703125
2003-01-17,9.191762924194336
2003-01-21,9.224285125732422
2003-01-22,9.081170082092285
2003-01-23,9.490995407104492
2003-01-24,9.016117095947266
2003-01-27,8.91854476928711
2003-01-28,9.2503023147583
2003-01-29,9.159234046936035
2003-01-30,9.022628784179688
2003-01-31,8.697366714477539
2003-02-03,8.768921852111816
2003-02-04,8.586780548095703
2003-02-05,8.586780548095703
2003-02-06,8.612801551818848
2003-02-07,8.359101295471191
2003-02-10,8.5542573928833
2003-02-11,8.762418746948242
2003-02-12,8.586780548095703
2003-02-13,8.658337593078613
2003-02-14,8.899025917053223
2003-02-18,9.308853149414062
2003-02-19,9.380410194396973
2003-02-20,9.276327133178711
2003-02-21,9.543038368225098
2003-02-24,9.380410194396973
2003-02-25,9.159234046936035
2003-02-26,8.78843879699707
2003-02-27,8.944564819335938
2003-02-28,9.094182968139648
2003-03-03,8.925050735473633
2003-03-04,8.866501808166504
2003-03-05,8.938060760498047
2003-03-06,8.768921852111816
2003-03-07,8.612801551818848
2003-03-10,8.46318244934082
2003-03-11,8.469691276550293
2003-03-12,8.255020141601562
2003-03-13,8.72989273071289
2003-03-14,8.71688461303711
2003-03-17,9.191762924194336
2003-03-18,9.237297058105469
2003-03-19,9.2503023147583
2003-03-20,9.13321304321289
2003-03-21,9.042144775390625
2003-03-24,8.78843879699707
2003-03-25,8.925050735473633
2003-03-26,8.88602066040039
2003-03-27,8.781935691833496
2003-03-28,8.599788665771484
2003-03-31,8.443665504455566
2003-04-01,8.443665504455566
2003-04-02,8.873007774353027
2003-04-03,8.873007774353027
2003-04-04,8.91854476928711
2003-04-07,8.827473640441895
2003-04-08,8.736400604248047
2003-04-09,8.48270320892334
2003-04-10,8.48270320892334
2003-04-11,8.59328842163086
2003-04-14,8.762418746948242
2003-04-15,8.677854537963867
2003-04-16,8.820966720581055
2003-04-17,9.074664115905762
2003-04-21,9.068161010742188
2003-04-22,9.31535816192627
2003-04-23,9.321861267089844
2003-04-24,9.33487606048584
2003-04-25,9.328368186950684
2003-04-28,9.744694709777832
2003-04-29,9.84877872467041
2003-04-30,9.757706642150879
2003-05-01,9.835768699645996
2003-05-02,9.933345794677734
2003-05-05,10.004902839660645
2003-05-06,10.343170166015625
2003-05-07,10.082962036132812
2003-05-08,9.900818824768066
2003-05-09,10.375691413879395
2003-05-12,10.844064712524414
2003-05-13,10.713963508605957
2003-05-14,10.681437492370605
2003-05-15,10.896106719970703
2003-05-16,10.818042755126953
2003-05-19,10.369190216064453
2003-05-20,10.401717185974121
2003-05-21,10.213067054748535
2003-05-22,10.356181144714355
2003-05-23,10.206558227539062
2003-05-27,10.505794525146484
2003-05-28,10.590367317199707
2003-05-29,10.811538696289062
2003-05-30,10.674933433532715
2003-06-02,10.928630828857422
2003-06-03,11.065241813659668
2003-06-04,11.299421310424805
2003-06-05,11.299421310424805
2003-06-06,11.292919158935547
2003-06-09,11.208351135253906
2003-06-10,11.318936347961426
2003-06-11,11.44904613494873
2003-06-12,11.566139221191406
2003-06-13,11.325443267822266
2003-06-16,11.696234703063965
2003-06-17,11.696234703063965
2003-06-18,12.184118270874023
2003-06-19,12.073537826538086
2003-06-20,11.663711547851562
2003-06-23,11.214856147766113
2003-06-24,10.896106719970703
2003-06-25,10.974163055419922
2003-06-26,11.143299102783203
2003-06-27,10.987178802490234
2003-06-30,10.922130584716797
2003-07-01,11.214856147766113
2003-07-02,11.618176460266113
2003-07-03,11.397005081176758
2003-07-07,11.852357864379883
2003-07-08,12.184118270874023
2003-07-09,12.229652404785156
2003-07-10,11.910904884338379
2003-07-11,12.08004379272461
2003-07-14,12.106062889099121
2003-07-15,12.041008949279785
2003-07-16,11.858864784240723
2003-07-17,11.553128242492676
2003-07-18,11.637689590454102
2003-07-21,11.663711547851562
2003-07-22,12.145092010498047
2003-07-23,12.28170394897461
2003-07-24,12.086542129516602
2003-07-25,12.411803245544434
2003-07-28,12.411803245544434
2003-07-29,12.463842391967773
2003-07-30,12.541909217834473
2003-07-31,12.678515434265137
2003-08-01,12.457338333129883
2003-08-04,12.528894424438477
2003-08-05,12.268692970275879
2003-08-06,11.481569290161133
2003-08-07,11.403509140014648
2003-08-08,11.436034202575684
2003-08-11,11.52059555053711
2003-08-12,11.598661422729492
2003-08-13,11.442534446716309
2003-08-14,11.579146385192871
2003-08-15,11.572640419006348
2003-08-18,11.884885787963867
2003-08-19,12.06702995300293
2003-08-20,12.08004379272461
2003-08-21,12.275197982788086
2003-08-22,12.223152160644531
2003-08-25,12.346752166748047
2003-08-26,12.424817085266113
2003-08-27,12.366260528564453
2003-08-28,12.48336410522461
2003-08-29,12.450833320617676
2003-09-02,12.743571281433105
2003-09-03,13.166399002075195
2003-09-04,13.394081115722656
2003-09-05,13.283492088317871
2003-09-08,13.569718360900879
2003-09-09,13.517675399780273
2003-09-10,13.309510231018066
2003-09-11,13.472140312194824
2003-09-12,13.43961238861084
2003-09-15,13.263975143432617
2003-09-16,13.84943675994873
2003-09-17,13.751860618591309
2003-09-18,13.934002876281738
2003-09-19,13.673799514770508
2003-09-22,13.517675399780273
2003-09-23,13.75836181640625
2003-09-24,13.218438148498535
2003-09-25,13.04930591583252
2003-09-26,12.9842529296875
2003-09-29,13.140379905700684
2003-09-30,12.743571281433105
2003-10-01,13.140379905700684
2003-10-02,13.003772735595703
2003-10-03,13.504666328430176
2003-10-06,13.53068733215332
2003-10-07,13.660788536071777
2003-10-08,13.524179458618164
2003-10-09,13.628267288208008
2003-10-10,13.524179458618164
2003-10-13,13.660788536071777
2003-10-14,13.751860618591309
2003-10-15,13.673799514770508
2003-10-16,13.686813354492188
2003-10-17,13.426605224609375
2003-10-20,13.712837219238281
2003-10-21,13.732346534729004
2003-10-22,13.420096397399902
2003-10-23,13.114358901977539
2003-10-24,12.88017463684082
2003-10-27,12.96474838256836
2003-10-28,13.595741271972656
2003-10-29,13.543696403503418
2003-10-30,13.569718360900879
2003-10-31,13.615252494812012
2003-11-03,14.122657775878906
2003-11-04,14.038089752197266
2003-11-05,14.181200981140137
2003-11-06,14.896769523620605
2003-11-07,14.532476425170898
2003-11-10,14.434905052185059
2003-11-11,14.538982391357422
2003-11-12,14.942304611206055
2003-11-13,14.766660690307617
2003-11-14,14.480432510375977
2003-11-17,14.343832015991211
2003-11-18,14.135665893554688
2003-11-19,14.343832015991211
2003-11-20,14.272274017333984
2003-11-21,14.421891212463379
2003-11-24,14.83171558380127
2003-11-25,14.714625358581543
2003-11-26,14.83822250366211
2003-11-28,14.766660690307617
2003-12-01,15.078912734985352
2003-12-02,15.033379554748535
2003-12-03,15.156973838806152
2003-12-04,15.59931468963623
2003-12-05,15.449697494506836
2003-12-08,15.800983428955078
2003-12-09,15.111428260803223
2003-12-10,15.469219207763672
2003-12-11,15.566802024841309
2003-12-12,15.670878410339355
2003-12-15,15.59931468963623
2003-12-16,15.4627103805542
2003-12-17,15.280570030212402
2003-12-18,15.722917556762695
2003-12-19,15.475727081298828
2003-12-22,15.59931468963623
2003-12-23,15.57330322265625
2003-12-24,15.527765274047852
2003-12-26,15.449697494506836
2003-12-29,15.872540473937988
2003-12-30,15.690394401550293
