Date,GE
1998-01-02,62.3482551574707
1998-01-05,63.45413589477539
1998-01-06,62.6115837097168
1998-01-07,63.13817596435547
1998-01-08,62.55894088745117
1998-01-09,61.031829833984375
1998-01-12,62.71693420410156
1998-01-13,62.92755126953125
1998-01-14,62.664268493652344
1998-01-15,61.24246597290039
1998-01-16,61.821720123291016
1998-01-20,63.664764404296875
1998-01-21,63.664764404296875
1998-01-22,63.34883117675781
1998-01-23,62.400962829589844
1998-01-26,62.92755126953125
1998-01-27,64.24402618408203
1998-01-28,64.24402618408203
1998-01-29,64.98124694824219
1998-01-30,65.29721069335938
1998-02-02,66.1924057006836
1998-02-03,65.34986114501953
1998-02-04,64.77061462402344
1998-02-05,64.61264038085938
1998-02-06,65.4552001953125
1998-02-09,64.92857360839844
1998-02-10,65.29721069335938
1998-02-11,66.08710479736328
1998-02-12,66.13972473144531
1998-02-13,65.56050109863281
1998-02-17,65.77114868164062
1998-02-18,66.08710479736328
1998-02-19,65.56050109863281
1998-02-20,65.87644958496094
1998-02-23,65.4552001953125
1998-02-24,64.66532135009766
1998-02-25,64.98124694824219
1998-02-26,64.87593841552734
1998-02-27,65.5078353881836
1998-03-02,64.50730895996094
1998-03-03,65.08655548095703
1998-03-04,64.29670715332031
1998-03-05,64.60330963134766
1998-03-06,66.18929290771484
1998-03-09,66.40080261230469
1998-03-10,66.61225128173828
1998-03-11,66.8237075805664
1998-03-12,66.9823226928711
1998-03-13,66.24221801757812
1998-03-16,67.14093780517578
1998-03-17,67.66959381103516
1998-03-18,67.40525817871094
1998-03-19,67.72244262695312
1998-03-20,69.04415893554688
1998-03-23,68.03962707519531
1998-03-24,69.89002990722656
1998-03-25,69.36128997802734
1998-03-26,69.73140716552734
1998-03-27,70.63016510009766
1998-03-30,72.16327667236328
1998-03-31,72.90342712402344
1998-04-01,73.1148910522461
1998-04-02,74.22505950927734
1998-04-03,73.90788269042969
1998-04-06,73.43206787109375
1998-04-07,73.69641876220703
1998-04-08,72.85053253173828
1998-04-09,73.1677474975586
1998-04-13,73.43206787109375
1998-04-14,73.27349090576172
1998-04-15,73.22059631347656
1998-04-16,72.4276123046875
1998-04-17,73.80213928222656
1998-04-20,72.85053253173828
1998-04-21,72.79766082763672
1998-04-22,72.05753326416016
1998-04-23,71.42314147949219
1998-04-24,70.94733428955078
1998-04-27,69.73140716552734
1998-04-28,68.6211929321289
1998-04-29,69.62568664550781
1998-04-30,72.05753326416016
1998-05-01,71.89895629882812
1998-05-04,71.37029266357422
1998-05-05,70.47154998779297
1998-05-06,70.26004028320312
1998-05-07,69.2555923461914
1998-05-08,70.36579132080078
1998-05-11,70.36579132080078
1998-05-12,70.57727813720703
1998-05-13,71.58174133300781
1998-05-14,71.15882873535156
1998-05-15,69.89002990722656
1998-05-18,69.78425598144531
1998-05-19,70.10145568847656
1998-05-20,72.48046112060547
1998-05-21,72.69194030761719
1998-05-22,71.89895629882812
1998-05-26,70.04859924316406
1998-05-27,70.84159088134766
1998-05-28,71.37029266357422
1998-05-29,70.52442169189453
1998-06-01,70.10145568847656
1998-06-02,69.9957275390625
1998-06-03,68.77981567382812
1998-06-04,70.57727813720703
1998-06-05,71.68748474121094
1998-06-08,71.42314147949219
1998-06-09,71.7403564453125
1998-06-10,72.11035919189453
1998-06-11,71.21168518066406
1998-06-12,72.11035919189453
1998-06-15,70.94733428955078
1998-06-16,72.11035919189453
1998-06-17,74.06647491455078
1998-06-18,74.38370513916016
1998-06-19,73.5906753540039
1998-06-22,72.85053253173828
1998-06-23,74.54229736328125
1998-06-24,75.96967315673828
1998-06-25,75.91682434082031
1998-06-26,76.18116760253906
1998-06-29,76.86844635009766
1998-06-30,76.86844635009766
1998-07-01,77.13274383544922
1998-07-02,76.9212646484375
1998-07-06,77.97152709960938
1998-07-07,78.60807037353516
1998-07-08,79.1915054321289
1998-07-09,79.88102722167969
1998-07-10,79.61580657958984
1998-07-13,79.40365600585938
1998-07-14,80.6766586303711
1998-07-15,79.8280029296875
1998-07-16,81.26014709472656
1998-07-17,82.05572509765625
1998-07-20,81.04795837402344
1998-07-21,78.87325286865234
1998-07-22,77.54723358154297
1998-07-23,76.3802719116211
1998-07-24,77.81245422363281
1998-07-27,78.07765197753906
1998-07-28,77.06979370117188
1998-07-29,75.95591735839844
1998-07-30,77.49413299560547
1998-07-31,75.90291595458984
1998-08-03,75.95591735839844
1998-08-04,72.50820922851562
1998-08-05,73.62212371826172
1998-08-06,75.37249755859375
1998-08-07,74.78902435302734
1998-08-10,74.5238265991211
1998-08-11,74.09945678710938
1998-08-12,75.84984588623047
1998-08-13,74.57687377929688
1998-08-14,74.20552825927734
1998-08-17,75.79682922363281
1998-08-18,77.01677703857422
1998-08-19,77.44109344482422
1998-08-20,76.75154113769531
1998-08-21,76.0620346069336
1998-08-24,76.16810607910156
1998-08-25,76.64546966552734
1998-08-26,76.75154113769531
1998-08-27,73.46295166015625
1998-08-28,72.87950134277344
1998-08-31,67.89356994628906
1998-09-01,70.17436218261719
1998-09-02,68.21182250976562
1998-09-03,65.98406982421875
1998-09-04,64.39281463623047
1998-09-08,69.48483276367188
1998-09-09,68.05268096923828
1998-09-10,65.40058898925781
1998-09-11,67.257080078125
1998-09-14,67.15097045898438
1998-09-15,66.24928283691406
1998-09-16,67.78750610351562
1998-09-17,66.40840148925781
1998-09-18,66.09014129638672
1998-09-21,67.257080078125
1998-09-22,67.78750610351562
1998-09-23,71.34133911132812
1998-09-24,69.37874603271484
1998-09-25,70.49264526367188
1998-09-28,71.17401885986328
1998-09-29,70.58846282958984
1998-09-30,67.76703643798828
1998-10-01,64.36006927490234
1998-10-02,64.20034790039062
1998-10-05,62.17745590209961
1998-10-06,62.816253662109375
1998-10-07,63.880958557128906
1998-10-08,60.95307540893555
1998-10-09,61.751590728759766
1998-10-12,63.08245086669922
1998-10-13,64.83916473388672
1998-10-14,66.11678314208984
1998-10-15,69.84317016601562
1998-10-16,71.38695526123047
1998-10-19,71.01433563232422
1998-10-20,70.0561294555664
1998-10-21,71.44022369384766
1998-10-22,73.67603302001953
1998-10-23,73.72926330566406
1998-10-26,73.14371490478516
1998-10-27,72.82426452636719
1998-10-28,72.34516906738281
1998-10-29,73.94221496582031
1998-10-30,74.52776336669922
1998-11-02,74.42131042480469
1998-11-03,75.3795166015625
1998-11-04,75.59246826171875
1998-11-05,77.34916687011719
1998-11-06,76.9765625
1998-11-09,75.59246826171875
1998-11-10,75.85862731933594
1998-11-11,74.2616195678711
1998-11-12,73.78248596191406
1998-11-13,75.11332702636719
1998-11-16,77.02978515625
1998-11-17,76.65715026855469
1998-11-18,78.14765930175781
1998-11-19,78.8397445678711
1998-11-20,78.94622039794922
1998-11-23,80.59648132324219
1998-11-24,80.27706909179688
1998-11-25,79.37206268310547
1998-11-27,78.62680053710938
1998-11-30,76.9765625
1998-12-01,77.61534118652344
1998-12-02,77.45563507080078
1998-12-03,75.00687408447266
1998-12-04,76.76362609863281
1998-12-07,77.34916687011719
1998-12-08,77.02978515625
1998-12-09,76.65715026855469
1998-12-10,75.32624816894531
1998-12-11,75.85862731933594
1998-12-14,73.94221496582031
1998-12-15,79.3188247680664
1998-12-16,78.36064147949219
1998-12-17,80.33027648925781
1998-12-18,82.51287841796875
1998-12-21,83.79051971435547
1998-12-22,84.37608337402344
1998-12-23,86.3457260131836
1998-12-24,85.97307586669922
1998-12-28,86.61190795898438
1998-12-29,88.24650573730469
1998-12-30,87.4452133178711
1998-12-31,87.17813873291016
1999-01-04,85.94951629638672
1999-01-05,87.7657699584961
1999-01-06,89.47512817382812
1999-01-07,87.97946166992188
1999-01-08,87.4986343383789
1999-01-11,85.20171356201172
1999-01-12,83.54573822021484
1999-01-13,82.53076934814453
1999-01-14,82.9581069946289
1999-01-15,86.1098403930664
1999-01-19,86.6973876953125
1999-01-20,85.7892837524414
1999-01-21,84.88115692138672
1999-01-22,83.6525650024414
1999-01-25,85.89613342285156
1999-01-26,87.17813873291016
1999-01-27,86.75077056884766
1999-01-28,88.4067611694336
1999-01-29,89.63539123535156
1999-02-01,87.33843231201172
1999-02-02,87.17813873291016
1999-02-03,87.92597961425781
1999-02-04,85.57560729980469
1999-02-05,83.75939178466797
1999-02-08,83.38546752929688
1999-02-09,82.05005645751953
1999-02-10,83.70597839355469
1999-02-11,85.46876525878906
1999-02-12,83.43888092041016
1999-02-16,84.61408233642578
1999-02-17,84.88115692138672
1999-02-18,86.0029296875
1999-02-19,85.7892837524414
1999-02-22,88.88750457763672
1999-02-23,88.0328598022461
1999-02-24,86.32344818115234
1999-02-25,85.7892837524414
1999-02-26,85.7358627319336
1999-03-01,86.27001190185547
1999-03-02,84.88115692138672
1999-03-03,84.40042877197266
1999-03-04,86.20164489746094
1999-03-05,88.9356460571289
1999-03-08,89.90058898925781
1999-03-09,90.91913604736328
1999-03-10,90.7046890258789
1999-03-11,91.83049011230469
1999-03-12,92.09851837158203
1999-03-15,94.45726776123047
1999-03-16,94.35005950927734
1999-03-17,93.00984191894531
1999-03-18,94.35005950927734
1999-03-19,96.06552124023438
1999-03-22,94.67169189453125
1999-03-23,91.40165710449219
1999-03-24,91.56245422363281
1999-03-25,93.0634994506836
1999-03-26,92.47374725341797
1999-03-29,96.06552124023438
1999-03-30,97.19129943847656
1999-03-31,94.88615417480469
1999-04-01,95.7438735961914
1999-04-05,98.31702423095703
1999-04-06,97.19129943847656
1999-04-07,98.20982360839844
1999-04-08,97.67373657226562
1999-04-09,96.22634887695312
1999-04-12,99.92530822753906
1999-04-13,100.30058288574219
1999-04-14,97.83458709716797
1999-04-15,96.49434661865234
1999-04-16,95.42222595214844
1999-04-19,89.84699249267578
1999-04-20,93.76036071777344
1999-04-21,97.40576171875
1999-04-22,97.13764953613281
1999-04-23,96.81603240966797
1999-04-26,97.35218048095703
1999-04-27,96.49434661865234
1999-04-28,95.63668823242188
1999-04-29,92.31301879882812
1999-04-30,90.3830795288086
1999-05-03,90.5975341796875
1999-05-04,90.0078125
1999-05-05,93.49237060546875
1999-05-06,92.84904479980469
1999-05-07,94.29643249511719
1999-05-10,93.27787780761719
1999-05-11,95.15419006347656
1999-05-12,94.51089477539062
1999-05-13,93.76036071777344
1999-05-14,90.86552429199219
1999-05-17,91.1336441040039
1999-05-18,89.41809844970703
1999-05-19,92.63462829589844
1999-05-20,91.29441833496094
1999-05-21,89.31089782714844
1999-05-24,88.77481842041016
1999-05-25,87.80984497070312
1999-05-26,88.45318603515625
1999-05-27,86.36244201660156
1999-05-28,87.22016906738281
1999-06-01,87.9707260131836
1999-06-02,87.54183959960938
1999-06-03,88.23873901367188
1999-06-04,89.9542007446289
1999-06-07,89.57894134521484
1999-06-08,87.80984497070312
1999-06-09,88.07793426513672
1999-06-10,86.63050842285156
1999-06-11,86.92536163330078
1999-06-14,88.98926544189453
1999-06-15,89.36450958251953
1999-06-16,91.61604309082031
1999-06-17,93.00984191894531
1999-06-18,92.2593765258789
1999-06-21,90.54393005371094
1999-06-22,90.81192779541016
1999-06-23,90.75831604003906
1999-06-24,91.56245422363281
1999-06-25,89.57894134521484
1999-06-28,91.07999420166016
1999-06-29,94.08203125
1999-06-30,96.92323303222656
1999-07-01,95.63668823242188
1999-07-02,96.65522766113281
1999-07-06,98.03180694580078
1999-07-07,101.47342681884766
1999-07-08,100.66683197021484
1999-07-09,100.77439880371094
1999-07-12,99.26863098144531
1999-07-13,99.43000793457031
1999-07-14,99.64506530761719
1999-07-15,101.15077209472656
1999-07-16,102.28009796142578
1999-07-19,103.2480239868164
1999-07-20,101.15077209472656
1999-07-21,100.61309051513672
1999-07-22,98.94602966308594
1999-07-23,99.10735321044922
1999-07-26,98.08563995361328
1999-07-27,100.0215072631836
1999-07-28,98.08563995361328
1999-07-29,96.36481475830078
1999-07-30,93.78363037109375
1999-08-02,92.815673828125
1999-08-03,92.815673828125
1999-08-04,91.84771728515625
1999-08-05,94.26763916015625
1999-08-06,92.06281280517578
1999-08-09,90.39579772949219
1999-08-10,90.23445892333984
1999-08-11,91.25619506835938
1999-08-12,90.39579772949219
1999-08-13,92.70813751220703
1999-08-16,94.48274230957031
1999-08-17,95.88078308105469
1999-08-18,96.09596252441406
1999-08-19,95.50442504882812
1999-08-20,97.0638427734375
1999-08-23,100.29035949707031
1999-08-24,100.34418487548828
1999-08-25,102.6565170288086
1999-08-26,102.33382415771484
1999-08-27,100.29035949707031
1999-08-30,98.30068969726562
1999-08-31,96.63369750976562
1999-09-01,97.81671905517578
1999-09-02,97.17143249511719
1999-09-03,100.15592956542969
1999-09-07,103.0866928100586
1999-09-08,104.00078582763672
1999-09-09,103.03294372558594
1999-09-10,102.54890441894531
1999-09-13,102.01122283935547
1999-09-14,100.45173645019531
1999-09-15,99.8063735961914
1999-09-16,100.88192749023438
1999-09-17,103.2480239868164
1999-09-20,104.96884155273438
1999-09-21,102.60271453857422
1999-09-22,102.38762664794922
1999-09-23,100.45173645019531
1999-09-24,101.52721405029297
1999-09-27,103.2480239868164
1999-09-28,102.1478271484375
1999-09-29,100.47595977783203
1999-09-30,102.30963897705078
1999-10-01,101.28485107421875
1999-10-04,103.60399627685547
1999-10-05,104.35900115966797
1999-10-06,106.73204040527344
1999-10-07,105.16795349121094
1999-10-08,107.64888763427734
1999-10-11,106.24665832519531
1999-10-12,104.73653411865234
1999-10-13,103.17254638671875
1999-10-14,103.65794372558594
1999-10-15,99.88261413574219
1999-10-18,101.50064086914062
1999-10-19,101.87808990478516
1999-10-20,104.95226287841797
1999-10-21,106.35454559326172
1999-10-22,108.40396881103516
1999-10-25,108.08037567138672
1999-10-26,108.40396881103516
1999-10-27,110.83087158203125
1999-10-28,114.76803588867188
1999-10-29,116.92523956298828
1999-11-01,111.63988494873047
1999-11-02,111.31632232666016
1999-11-03,113.36573028564453
1999-11-04,113.79719543457031
1999-11-05,115.41514587402344
1999-11-08,115.63087463378906
1999-11-09,115.0915756225586
1999-11-10,115.63087463378906
1999-11-11,115.63087463378906
1999-11-12,116.81744384765625
1999-11-15,116.92523956298828
1999-11-16,120.4847640991211
1999-11-17,121.8331298828125
1999-11-18,120.26899719238281
1999-11-19,118.81285095214844
1999-11-22,120.97013854980469
1999-11-23,118.75887298583984
1999-11-24,118.11172485351562
1999-11-26,117.033203125
1999-11-29,114.87582397460938
1999-11-30,112.28705596923828
1999-12-01,116.06233215332031
1999-12-02,116.22412109375
1999-12-03,117.57246398925781
1999-12-06,118.421875
1999-12-07,120.80841064453125
1999-12-08,121.90052032470703
1999-12-09,123.88251495361328
1999-12-10,127.22642517089844
1999-12-13,128.41282653808594
1999-12-14,129.32972717285156
1999-12-15,124.52970886230469
1999-12-16,127.38813018798828
1999-12-17,131.0554962158203
1999-12-20,132.2555389404297
1999-12-21,136.1791229248047
1999-12-22,136.5878448486328
1999-12-23,136.263427734375
1999-12-27,137.9938201904297
1999-12-28,136.0471954345703
1999-12-29,135.4523468017578
1999-12-30,134.10049438476562
1999-12-31,133.8842315673828
2000-01-03,129.77474975585938
2000-01-04,124.58374786376953
2000-01-05,124.36742401123047
2000-01-06,126.03014373779297
2000-01-07,130.91030883789062
2000-01-10,130.85617065429688
2000-01-11,131.0724334716797
2000-01-12,131.50511169433594
2000-01-13,133.0190887451172
2000-01-14,130.639892578125
2000-01-18,128.0443572998047
2000-01-19,128.66624450683594
2000-01-20,126.26001739501953
2000-01-21,124.69189453125
2000-01-24,119.50086975097656
2000-01-25,119.82524871826172
2000-01-26,122.3667221069336
2000-01-27,122.6371078491211
2000-01-28,115.93204498291016
2000-01-31,115.93204498291016
2000-02-01,117.66241455078125
2000-02-02,115.9862060546875
2000-02-03,120.47418212890625
2000-02-04,122.47489166259766
2000-02-07,118.09496307373047
2000-02-08,118.58164978027344
2000-02-09,115.9862060546875
2000-02-10,117.17581176757812
2000-02-11,115.71578979492188
2000-02-14,116.25650787353516
2000-02-15,118.96013641357422
2000-02-16,117.36504364013672
2000-02-17,113.33658599853516
2000-02-18,108.25374603271484
2000-02-22,112.14695739746094
2000-02-23,112.90401458740234
2000-02-24,113.33658599853516
2000-02-25,109.1188735961914
2000-02-28,111.98472595214844
2000-02-29,114.52611541748047
2000-03-01,113.66102600097656
2000-03-02,117.01348876953125
2000-03-03,120.58229064941406
2000-03-06,119.25685119628906
2000-03-07,112.74900817871094
2000-03-08,113.074462890625
2000-03-09,111.93556213378906
2000-03-10,114.26750183105469
2000-03-13,112.31515502929688
2000-03-14,110.20008850097656
2000-03-15,115.8944320678711
2000-03-16,120.61266326904297
2000-03-17,121.37193298339844
2000-03-20,122.29388427734375
2000-03-21,130.59144592285156
2000-03-22,130.91685485839844
2000-03-23,138.8347625732422
2000-03-24,138.02127075195312
2000-03-27,137.04510498046875
2000-03-28,135.36392211914062
2000-03-29,141.43789672851562
2000-03-30,137.7501678466797
2000-03-31,135.0385284423828
2000-04-03,139.7024383544922
2000-04-04,133.62843322753906
2000-04-05,133.03189086914062
2000-04-06,136.12318420410156
2000-04-07,137.8043975830078
2000-04-10,138.34669494628906
2000-04-11,140.24484252929688
2000-04-12,136.01470947265625
2000-04-13,130.59144592285156
2000-04-14,126.46980285644531
2000-04-17,131.89303588867188
2000-04-18,135.79783630371094
2000-04-19,134.9300537109375
2000-04-20,137.5332489013672
2000-04-24,140.62435913085938
2000-04-25,144.0411376953125
2000-04-26,141.65484619140625
2000-04-27,140.1364288330078
2000-04-28,136.4486083984375
2000-05-01,138.29241943359375
2000-05-02,139.75669860839844
2000-05-03,135.4181365966797
2000-05-04,133.62843322753906
2000-05-05,137.0994110107422
2000-05-08,136.5027618408203
2000-05-09,135.6893310546875
2000-05-10,131.78457641601562
2000-05-11,132.5980682373047
2000-05-12,136.01470947265625
2000-05-15,140.57017517089844
2000-05-16,141.2209014892578
2000-05-17,139.59400939941406
2000-05-18,138.29241943359375
2000-05-19,135.0385284423828
2000-05-22,130.15762329101562
2000-05-23,130.15762329101562
2000-05-24,132.10995483398438
2000-05-25,132.10995483398438
2000-05-26,129.01878356933594
2000-05-30,133.41156005859375
2000-05-31,136.99082946777344
2000-06-01,136.3401336669922
2000-06-02,137.31629943847656
2000-06-05,134.22496032714844
2000-06-06,133.24879455566406
2000-06-07,133.73695373535156
2000-06-08,132.4353485107422
2000-06-09,129.83224487304688
2000-06-12,129.83224487304688
2000-06-13,133.24879455566406
2000-06-14,132.76071166992188
2000-06-15,135.0385284423828
2000-06-16,133.08619689941406
2000-06-19,130.80841064453125
2000-06-20,132.76071166992188
2000-06-21,128.69332885742188
2000-06-22,126.90365600585938
2000-06-23,129.83224487304688
2000-06-26,129.9949188232422
2000-06-27,128.2052459716797
2000-06-28,131.5812530517578
2000-06-29,129.50685119628906
2000-06-30,137.967041015625
2000-07-03,135.36392211914062
2000-07-05,130.33831787109375
2000-07-06,130.99075317382812
2000-07-07,133.92713928222656
2000-07-10,136.86331176757812
2000-07-11,136.37399291992188
2000-07-12,140.2889862060547
2000-07-13,137.02647399902344
2000-07-14,134.41647338867188
2000-07-17,140.12591552734375
2000-07-18,136.37399291992188
2000-07-19,137.67898559570312
2000-07-20,141.7572021484375
2000-07-21,141.26779174804688
2000-07-24,140.94151306152344
2000-07-25,139.7996063232422
2000-07-26,136.04779052734375
2000-07-27,137.02647399902344
2000-07-28,132.9483642578125
2000-07-31,134.90586853027344
2000-08-01,137.67898559570312
2000-08-02,135.72154235839844
2000-08-03,138.00527954101562
2000-08-04,139.31027221679688
2000-08-07,137.35272216796875
2000-08-08,140.2889862060547
2000-08-09,145.9984588623047
2000-08-10,148.77163696289062
2000-08-11,147.62979125976562
2000-08-14,148.77163696289062
2000-08-15,149.4241180419922
2000-08-16,148.2822723388672
2000-08-17,147.95599365234375
2000-08-18,146.65098571777344
2000-08-21,147.62979125976562
2000-08-22,146.8141632080078
2000-08-23,151.21852111816406
2000-08-24,153.82861328125
2000-08-25,154.64414978027344
2000-08-28,156.60165405273438
2000-08-29,156.2754669189453
2000-08-30,150.07666015625
2000-08-31,153.01292419433594
2000-09-01,152.68666076660156
2000-09-05,150.8922576904297
2000-09-06,153.9917449951172
2000-09-07,153.9917449951172
2000-09-08,156.2754669189453
2000-09-11,155.78611755371094
2000-09-12,154.15481567382812
2000-09-13,154.15481567382812
2000-09-14,153.9917449951172
2000-09-15,148.11911010742188
2000-09-18,150.07666015625
2000-09-19,148.77163696289062
2000-09-20,147.79286193847656
2000-09-21,146.8141632080078
2000-09-22,149.58729553222656
2000-09-25,151.54476928710938
2000-09-26,151.381591796875
2000-09-27,155.133544921875
2000-09-28,153.9917449951172
2000-09-29,151.243408203125
2000-10-02,153.04202270507812
2000-10-03,154.5136260986328
2000-10-04,154.02301025390625
2000-10-05,156.31222534179688
2000-10-06,155.49464416503906
2000-10-09,153.04202270507812
2000-10-10,151.8975372314453
2000-10-11,148.13685607910156
2000-10-12,142.57766723632812
2000-10-13,149.11785888671875
2000-10-16,151.07997131347656
2000-10-17,145.52076721191406
2000-10-18,145.1937713623047
2000-10-19,145.52076721191406
2000-10-20,136.3644256591797
2000-10-23,130.15118408203125
2000-10-24,139.6345672607422
2000-10-25,138.49000549316406
2000-10-26,136.3644256591797
2000-10-27,136.69139099121094
2000-10-30,141.2696075439453
2000-10-31,143.3952178955078
2000-11-01,142.4141082763672
2000-11-02,140.4520721435547
2000-11-03,139.4709930419922
2000-11-06,142.57766723632812
2000-11-07,143.7222137451172
2000-11-08,142.74110412597656
2000-11-09,142.74110412597656
2000-11-10,140.9425506591797
2000-11-13,134.56585693359375
2000-11-14,137.99942016601562
2000-11-15,137.34536743164062
2000-11-16,137.6724090576172
2000-11-17,135.71034240722656
2000-11-20,130.96861267089844
2000-11-21,132.7672576904297
2000-11-22,127.0445556640625
2000-11-24,129.1701202392578
2000-11-27,128.51608276367188
2000-11-28,130.3146514892578
2000-11-29,129.98764038085938
2000-11-30,129.66062927246094
2000-12-01,133.42132568359375
2000-12-04,135.05633544921875
2000-12-05,141.5965576171875
2000-12-06,141.10606384277344
2000-12-07,139.9615020751953
2000-12-08,144.376220703125
2000-12-11,144.70315551757812
2000-12-12,138.16293334960938
2000-12-13,138.65347290039062
2000-12-14,134.56585693359375
2000-12-15,130.3146514892578
2000-12-18,133.42132568359375
2000-12-19,131.13217163085938
2000-12-20,124.10139465332031
2000-12-21,125.2459716796875
2000-12-22,127.86198425292969
2000-12-26,129.0065460205078
2000-12-27,126.47379302978516
2000-12-28,127.12994384765625
2000-12-29,125.81770324707031
2001-01-02,114.82707214355469
2001-01-03,125.4896011352539
2001-01-04,126.14582061767578
2001-01-05,124.17724609375
2001-01-08,119.58425903320312
2001-01-09,117.1236801147461
2001-01-10,117.28768157958984
2001-01-11,122.2088623046875
2001-01-12,119.91230773925781
2001-01-16,124.34130859375
2001-01-17,122.53691101074219
2001-01-18,124.9974594116211
2001-01-19,123.357177734375
2001-01-22,120.07632446289062
2001-01-23,122.53691101074219
2001-01-24,121.55265045166016
2001-01-25,120.56841278076172
2001-01-26,117.1236801147461
2001-01-29,116.48056030273438
2001-01-30,121.38864135742188
2001-01-31,120.67996215820312
2001-02-01,121.33614349365234
2001-02-02,121.46737670898438
2001-02-05,125.58805847167969
2001-02-06,124.93189239501953
2001-02-07,123.2259292602539
2001-02-08,123.72457885742188
2001-02-09,119.84011840820312
2001-02-12,124.69568634033203
2001-02-13,123.77701568603516
2001-02-14,121.41482543945312
2001-02-15,125.92926788330078
2001-02-16,123.357177734375
2001-02-20,125.16807556152344
2001-02-21,124.14446258544922
2001-02-22,123.61959838867188
2001-02-23,121.20491027832031
2001-02-26,125.92926788330078
2001-02-27,125.9817123413086
2001-02-28,122.04473114013672
2001-03-01,120.49623107910156
2001-03-02,116.97925567626953
2001-03-05,118.74406433105469
2001-03-06,119.63967895507812
2001-03-07,121.11473083496094
2001-03-08,120.82499694824219
2001-03-09,115.39887237548828
2001-03-12,104.3093490600586
2001-03-13,111.50039672851562
2001-03-14,108.07615661621094
2001-03-15,108.20779418945312
2001-03-16,106.94342803955078
2001-03-19,108.26045989990234
2001-03-20,105.49472045898438
2001-03-21,102.72893524169922
2001-03-22,99.30465698242188
2001-03-23,105.33665466308594
2001-03-26,105.96881103515625
2001-03-27,110.39408111572266
2001-03-28,109.44587707519531
2001-03-29,109.05073547363281
2001-03-30,110.26240539550781
2001-04-02,110.10433959960938
2001-04-03,104.5201187133789
2001-04-04,104.3093490600586
2001-04-05,110.89456939697266
2001-04-06,108.44486999511719
2001-04-09,110.63111877441406
2001-04-10,115.45152282714844
2001-04-11,113.9764175415039
2001-04-12,117.74315643310547
2001-04-16,117.61141967773438
2001-04-17,119.74505615234375
2001-04-18,126.14583587646484
2001-04-19,127.77898406982422
2001-04-20,126.6990737915039
2001-04-23,124.32838439941406
2001-04-24,121.1410903930664
2001-04-25,125.93513488769531
2001-04-26,129.8599090576172
2001-04-27,131.57208251953125
2001-04-30,127.83164978027344
2001-05-01,128.8326416015625
2001-05-02,129.33309936523438
2001-05-03,127.752685546875
2001-05-04,131.5193634033203
2001-05-07,131.59844970703125
2001-05-08,130.3340301513672
2001-05-09,130.2022705078125
2001-05-10,131.2559814453125
2001-05-11,129.09605407714844
2001-05-14,130.99256896972656
2001-05-15,132.09889221191406
2001-05-16,137.5250244140625
2001-05-17,137.26161193847656
2001-05-18,139.57957458496094
2001-05-21,140.65960693359375
2001-05-22,138.76312255859375
2001-05-23,135.2596893310547
2001-05-24,135.39146423339844
2001-05-25,131.57208251953125
2001-05-29,130.83450317382812
2001-05-30,129.122314453125
2001-05-31,129.0697021484375
2001-06-01,129.0697021484375
2001-06-04,130.2550506591797
2001-06-05,129.54383850097656
2001-06-06,128.41116333007812
2001-06-07,128.8326416015625
2001-06-08,126.80438232421875
2001-06-11,124.85518646240234
2001-06-12,128.4638214111328
2001-06-13,126.0405044555664
2001-06-14,128.70094299316406
2001-06-15,128.56922912597656
2001-06-18,129.0697021484375
2001-06-19,128.727294921875
2001-06-20,133.7320098876953
2001-06-21,134.99635314941406
2001-06-22,136.6031036376953
2001-06-25,132.36224365234375
2001-06-26,128.5165557861328
2001-06-27,127.12044525146484
2001-06-28,128.727294921875
2001-06-29,129.0697021484375
2001-07-02,132.2305145263672
2001-07-03,130.4130401611328
2001-07-05,128.08753967285156
2001-07-06,123.91222381591797
2001-07-09,123.80651092529297
2001-07-10,120.92606353759766
2001-07-11,117.88703918457031
2001-07-12,124.202880859375
2001-07-13,125.39205932617188
2001-07-16,122.14168548583984
2001-07-17,121.85095977783203
2001-07-18,121.95674133300781
2001-07-19,122.82872009277344
2001-07-20,123.22514343261719
2001-07-23,119.71051025390625
2001-07-24,116.27500915527344
2001-07-25,115.7465591430664
2001-07-26,115.61441802978516
2001-07-27,117.99278259277344
2001-07-30,115.21804809570312
2001-07-31,114.953857421875
2001-08-01,113.10393524169922
2001-08-02,111.51835632324219
2001-08-03,112.97180938720703
2001-08-06,109.37785339355469
2001-08-07,113.02465057373047
2001-08-08,110.06486511230469
2001-08-09,110.7255630493164
2001-08-10,112.49607849121094
2001-08-13,111.5976333618164
2001-08-14,110.59344482421875
2001-08-15,110.40843200683594
2001-08-16,109.93283081054688
2001-08-17,107.81873321533203
2001-08-20,109.74774169921875
2001-08-21,106.94660186767578
2001-08-22,107.95077514648438
2001-08-23,108.45291900634766
2001-08-24,110.9634017944336
2001-08-27,111.4391098022461
2001-08-28,108.95506286621094
2001-08-29,107.31659698486328
2001-08-30,106.23316192626953
2001-08-31,108.08297729492188
2001-09-04,107.8979721069336
2001-09-05,110.19705963134766
2001-09-06,107.02588653564453
2001-09-07,104.8061752319336
2001-09-10,103.98687744140625
2001-09-17,92.88789367675781
2001-09-18,89.45250701904297
2001-09-19,85.88497161865234
2001-09-20,80.2562255859375
2001-09-21,82.7138442993164
2001-09-24,93.02005004882812
2001-09-25,93.81282806396484
2001-09-26,94.18453216552734
2001-09-27,95.43216705322266
2001-09-28,98.7503433227539
2001-10-01,99.91839599609375
2001-10-02,101.00675201416016
2001-10-03,101.27220916748047
2001-10-04,99.2547378540039
2001-10-05,99.41397857666016
2001-10-08,97.6884994506836
2001-10-09,97.7416763305664
2001-10-10,100.63511657714844
2001-10-11,103.39586639404297
2001-10-12,103.52859497070312
2001-10-15,103.15694427490234
2001-10-16,102.12165069580078
2001-10-17,98.61762237548828
2001-10-18,98.88304901123047
2001-10-19,98.88304901123047
2001-10-22,99.83870697021484
2001-10-23,98.93619537353516
2001-10-24,98.43177032470703
2001-10-25,100.52894592285156
2001-10-26,103.21012878417969
2001-10-29,99.36085510253906
2001-10-30,96.46744537353516
2001-10-31,96.65324401855469
2001-11-01,100.63511657714844
2001-11-02,100.76780700683594
2001-11-05,102.91802215576172
2001-11-06,105.65229034423828
2001-11-07,104.45767211914062
2001-11-08,107.11227416992188
2001-11-09,107.27157592773438
2001-11-12,104.6700668334961
2001-11-13,107.66971588134766
2001-11-14,108.51921844482422
2001-11-15,110.29780578613281
2001-11-16,108.43953704833984
2001-11-19,109.50142669677734
2001-11-20,109.10315704345703
2001-11-21,107.37769317626953
2001-11-23,108.89088439941406
2001-11-26,109.687255859375
2001-11-27,109.02359771728516
2001-11-28,104.45767211914062
2001-11-29,105.4664535522461
2001-11-30,102.20133972167969
2001-12-03,98.00704956054688
2001-12-04,99.1485366821289
2001-12-05,99.67942810058594
2001-12-06,100.21035766601562
2001-12-07,98.61762237548828
2001-12-10,97.6884994506836
2001-12-11,97.66195678710938
2001-12-12,98.3521499633789
2001-12-13,98.3521499633789
2001-12-14,99.9449234008789
2001-12-17,101.6703872680664
2001-12-18,105.43988037109375
2001-12-19,108.25374603271484
2001-12-20,108.41304779052734
2001-12-21,109.76692962646484
2001-12-24,109.34205627441406
2001-12-26,107.64315032958984
2001-12-27,109.18968963623047
2001-12-28,108.60306549072266
2001-12-31,106.86993408203125
2002-01-02,109.18968963623047
2002-01-03,108.28316497802734
2002-01-04,109.18968963623047
2002-01-07,104.95010375976562
2002-01-08,103.85687255859375
2002-01-09,102.79031372070312
2002-01-10,102.9502944946289
2002-01-11,101.93705749511719
2002-01-14,101.05712127685547
2002-01-15,103.21695709228516
2002-01-16,100.57719421386719
2002-01-17,103.32367706298828
2002-01-18,103.1369857788086
2002-01-22,102.12373352050781
2002-01-23,100.39053344726562
2002-01-24,100.12386322021484
2002-01-25,102.0170669555664
2002-01-28,101.72373962402344
2002-01-29,97.2175064086914
2002-01-30,98.33736419677734
2002-01-31,99.05732727050781
2002-02-01,98.25738525390625
2002-02-04,93.32451629638672
2002-02-05,96.5509033203125
2002-02-06,98.5506820678711
2002-02-07,99.190673828125
2002-02-08,99.32395935058594
2002-02-11,100.79048919677734
2002-02-12,99.99060821533203
2002-02-13,101.59038543701172
2002-02-14,101.3238296508789
2002-02-15,98.95069885253906
2002-02-19,97.05753326416016
2002-02-20,100.17723083496094
2002-02-21,100.04388427734375
2002-02-22,101.56379699707031
2002-02-25,104.5234603881836
2002-02-26,103.32367706298828
2002-02-27,103.80584716796875
2002-02-28,103.13612365722656
2002-03-01,105.6810073852539
2002-03-04,107.69014739990234
2002-03-05,108.49378967285156
2002-03-06,111.306640625
2002-03-07,109.69926452636719
2002-03-08,108.76171875
2002-03-11,110.23505401611328
2002-03-12,110.10105895996094
2002-03-13,107.15436553955078
2002-03-14,108.25273132324219
2002-03-15,107.66339874267578
2002-03-18,106.88650512695312
2002-03-19,106.88650512695312
2002-03-20,103.93974304199219
2002-03-21,100.32324981689453
2002-03-22,101.44839477539062
2002-03-25,99.2249526977539
2002-03-26,99.94825744628906
2002-03-27,100.32324981689453
2002-03-28,100.18934631347656
2002-04-01,99.92144012451172
2002-04-02,99.3857192993164
2002-04-03,98.44812774658203
2002-04-04,99.92144012451172
2002-04-05,99.3857192993164
2002-04-08,98.74275970458984
2002-04-09,97.64443969726562
2002-04-10,99.65357208251953
2002-04-11,90.41146850585938
2002-04-12,89.87571716308594
2002-04-15,85.3216552734375
2002-04-16,88.67024230957031
2002-04-17,90.14360809326172
2002-04-18,90.54546356201172
2002-04-19,90.27758026123047
2002-04-22,88.02729034423828
2002-04-23,87.86658477783203
2002-04-24,87.06291961669922
2002-04-25,85.8574447631836
2002-04-26,84.38408660888672
2002-04-29,82.64276885986328
2002-04-30,84.51803588867188
2002-05-01,84.91983795166016
2002-05-02,84.65196990966797
2002-05-03,84.91983795166016
2002-05-06,82.96427154541016
2002-05-07,82.1070327758789
2002-05-08,88.0005111694336
2002-05-09,84.3572769165039
2002-05-10,82.1070327758789
2002-05-13,82.64276885986328
2002-05-14,84.59832763671875
2002-05-15,82.85710144042969
2002-05-16,85.7235107421875
2002-05-17,89.60783386230469
2002-05-20,87.3308334350586
2002-05-21,86.12532043457031
2002-05-22,85.50918579101562
2002-05-23,88.2684326171875
2002-05-24,87.3308334350586
2002-05-28,85.8574447631836
2002-05-29,84.11619567871094
2002-05-30,83.58036041259766
2002-05-31,83.41963958740234
2002-06-03,80.66046142578125
2002-06-04,80.49971771240234
2002-06-05,80.7676010131836
2002-06-06,78.4906005859375
2002-06-07,80.90154266357422
2002-06-10,80.23179626464844
2002-06-11,78.75846099853516
2002-06-12,81.30339050292969
2002-06-13,79.96395111083984
2002-06-14,79.56211853027344
2002-06-17,81.73201751708984
2002-06-18,83.44650268554688
2002-06-19,81.30339050292969
2002-06-20,79.56211853027344
2002-06-21,77.55298614501953
2002-06-24,79.29422760009766
2002-06-25,77.4190444946289
2002-06-26,79.52164459228516
2002-06-27,80.59989929199219
2002-06-28,78.30858612060547
2002-07-01,76.69120788574219
2002-07-02,75.74774932861328
2002-07-03,75.20858764648438
2002-07-05,80.03382110595703
2002-07-08,79.33299255371094
2002-07-09,76.28685760498047
2002-07-10,72.91728973388672
2002-07-11,73.72599792480469
2002-07-12,77.0955581665039
2002-07-15,76.15211486816406
2002-07-16,74.26513671875
2002-07-17,76.15211486816406
2002-07-18,74.66948699951172
2002-07-19,71.48857116699219
2002-07-22,69.17037963867188
2002-07-23,66.85211181640625
2002-07-24,71.51557159423828
2002-07-25,71.83904266357422
2002-07-26,74.93901824951172
2002-07-29,82.0825424194336
2002-07-30,85.18250274658203
2002-07-31,86.79985809326172
2002-08-01,84.64337921142578
2002-08-02,79.52164459228516
2002-08-05,76.28685760498047
2002-08-06,79.92595672607422
2002-08-07,82.89119720458984
2002-08-08,86.1259765625
2002-08-09,87.33906555175781
2002-08-12,86.93468475341797
2002-08-13,83.43035888671875
2002-08-14,85.9912109375
2002-08-15,87.04254150390625
2002-08-16,85.04773712158203
2002-08-19,88.6598892211914
2002-08-20,86.93468475341797
2002-08-21,87.06942749023438
2002-08-22,88.14775085449219
2002-08-23,86.93468475341797
2002-08-26,86.44947814941406
2002-08-27,86.1259765625
2002-08-28,84.373779296875
2002-08-29,81.81294250488281
2002-08-30,81.27381134033203
2002-09-03,76.71817779541016
2002-09-04,77.3651351928711
2002-09-05,75.47813415527344
2002-09-06,76.28685760498047
2002-09-09,77.5807876586914
2002-09-10,78.38949584960938
2002-09-11,78.17379760742188
2002-09-12,75.47813415527344
2002-09-13,72.91728973388672
2002-09-16,75.20858764648438
2002-09-17,74.66948699951172
2002-09-18,73.72599792480469
2002-09-19,71.5694351196289
2002-09-20,72.10860443115234
2002-09-23,71.16513061523438
2002-09-24,69.81732177734375
2002-09-25,73.29190063476562
2002-09-26,71.63603973388672
2002-09-27,66.42415618896484
2002-09-30,66.91277313232422
2002-10-01,71.12025451660156
2002-10-02,67.3199691772461
2002-10-03,66.83133697509766
2002-10-04,65.17549133300781
2002-10-07,62.298095703125
2002-10-08,63.38390350341797
2002-10-09,59.71930694580078
2002-10-10,61.348026275634766
2002-10-11,65.71837615966797
2002-10-14,66.09844207763672
2002-10-15,71.12025451660156
2002-10-16,69.49156188964844
2002-10-17,72.9932861328125
2002-10-18,72.34178924560547
2002-10-21,73.69903564453125
2002-10-22,73.48189544677734
2002-10-23,73.02044677734375
2002-10-24,70.57735443115234
2002-10-25,71.2288589477539
2002-10-28,71.2560043334961
2002-10-29,70.17019653320312
2002-10-30,68.27003479003906
2002-10-31,68.54148864746094
2002-11-01,70.57735443115234
2002-11-04,71.93463897705078
2002-11-05,71.93463897705078
2002-11-06,72.20610809326172
2002-11-07,70.87596130371094
2002-11-08,68.13428497314453
2002-11-11,65.71837615966797
2002-11-12,64.74114227294922
2002-11-13,65.39264678955078
2002-11-14,66.50558471679688
2002-11-15,64.76831817626953
2002-11-18,64.06256103515625
2002-11-19,64.87690734863281
2002-11-20,67.3199691772461
2002-11-21,72.88469696044922
2002-11-22,71.79891967773438
2002-11-25,72.74896240234375
2002-11-26,71.52739715576172
2002-11-27,73.69903564453125
2002-11-29,73.6176528930664
2002-12-02,73.83475494384766
2002-12-03,72.61324310302734
2002-12-04,71.98889923095703
2002-12-05,70.03446197509766
2002-12-06,70.71307373046875
2002-12-09,69.2201156616211
2002-12-10,70.38733673095703
2002-12-11,70.9573974609375
2002-12-12,70.30591583251953
2002-12-13,69.2201156616211
2002-12-16,71.74461364746094
2002-12-17,70.57735443115234
2002-12-18,69.65447235107422
2002-12-19,68.94863891601562
2002-12-20,70.44161987304688
2002-12-23,69.84445190429688
2002-12-24,68.75863647460938
2002-12-26,68.67721557617188
2002-12-27,67.55577087402344
2002-12-30,67.00885009765625
2002-12-31,66.59857177734375
2003-01-02,69.6891860961914
2003-01-03,69.4703369140625
2003-01-06,71.2481689453125
2003-01-07,70.83792877197266
2003-01-08,69.74391174316406
2003-01-09,70.83792877197266
2003-01-10,70.15411376953125
2003-01-13,70.12681579589844
2003-01-14,70.31822967529297
2003-01-15,68.89601135253906
2003-01-16,68.45838165283203
2003-01-17,68.04814147949219
2003-01-21,65.80540466308594
2003-01-22,64.41053771972656
2003-01-23,65.5045394897461
2003-01-24,63.07035446166992
2003-01-27,63.04301452636719
2003-01-28,63.3165168762207
2003-01-29,62.98828887939453
2003-01-30,61.67546844482422
2003-01-31,63.289146423339844
2003-02-03,64.68403625488281
2003-02-04,63.04301452636719
2003-02-05,62.90620040893555
2003-02-06,62.605411529541016
2003-02-07,62.08574676513672
2003-02-10,61.8942756652832
2003-02-11,61.5387077331543
2003-02-12,60.85493850708008
2003-02-13,60.63615798950195
2003-02-14,61.4840087890625
2003-02-18,62.660091400146484
2003-02-19,63.86350631713867
2003-02-20,63.86350631713867
2003-02-21,65.09429931640625
2003-02-24,64.05496978759766
2003-02-25,65.58659362792969
2003-02-26,64.42871856689453
2003-02-27,65.88985443115234
2003-02-28,66.30340576171875
2003-03-03,65.88985443115234
2003-03-04,64.51142120361328
2003-03-05,65.61418151855469
2003-03-06,66.02767944335938
2003-03-07,66.99260711669922
2003-03-10,65.06279754638672
2003-03-11,64.37356567382812
2003-03-12,65.61418151855469
2003-03-13,69.5013656616211
2003-03-14,70.71442413330078
2003-03-17,72.42372131347656
2003-03-18,72.78211212158203
2003-03-19,74.381103515625
2003-03-20,74.02272033691406
2003-03-21,77.19315338134766
2003-03-24,73.6918716430664
2003-03-25,74.381103515625
2003-03-26,73.33351135253906
2003-03-27,72.89237976074219
2003-03-28,71.76205444335938
2003-03-31,70.3009033203125
2003-04-01,72.03772735595703
2003-04-02,74.57405853271484
2003-04-03,75.95252227783203
2003-04-04,76.1730728149414
2003-04-07,76.53150177001953
2003-04-08,77.3585433959961
2003-04-09,75.2632827758789
2003-04-10,75.48383331298828
2003-04-11,76.22822570800781
2003-04-14,76.53150177001953
2003-04-15,78.02021026611328
2003-04-16,76.72444915771484
2003-04-17,78.54399871826172
2003-04-21,77.63420867919922
2003-04-22,79.92245483398438
2003-04-23,81.02521514892578
2003-04-24,80.2257080078125
2003-04-25,80.25328826904297
2003-04-28,81.38361358642578
2003-04-29,81.05278778076172
2003-04-30,81.19060516357422
2003-05-01,80.2257080078125
2003-05-02,80.17058563232422
2003-05-05,79.48136901855469
2003-05-06,80.28083038330078
2003-05-07,79.5365219116211
2003-05-08,78.4888687133789
2003-05-09,79.95001983642578
2003-05-12,79.8673324584961
2003-05-13,78.70941925048828
2003-05-14,78.87483215332031
2003-05-15,78.51646423339844
2003-05-16,76.77959442138672
2003-05-19,75.95252227783203
2003-05-20,76.44879150390625
2003-05-21,76.09039306640625
2003-05-22,76.44879150390625
2003-05-23,76.20064544677734
2003-05-27,78.04779815673828
2003-05-28,77.93748474121094
2003-05-29,77.88239288330078
2003-05-30,79.12297058105469
2003-06-02,79.95001983642578
2003-06-03,80.087890625
2003-06-04,80.94247436523438
2003-06-05,82.10041046142578
2003-06-06,83.53400421142578
2003-06-09,83.0928955078125
2003-06-10,84.33351135253906
2003-06-11,85.4087142944336
2003-06-12,85.65682220458984
2003-06-13,84.49894714355469
2003-06-16,86.40116119384766
2003-06-17,86.01518249511719
2003-06-18,84.719482421875
2003-06-19,82.32096862792969
2003-06-20,82.73451232910156
2003-06-23,82.34854888916016
2003-06-24,82.51394653320312
2003-06-25,80.66680145263672
2003-06-26,80.8888168334961
2003-06-27,79.41812133789062
2003-06-30,79.58460235595703
2003-07-01,79.44587707519531
2003-07-02,79.39035034179688
2003-07-03,79.22386932373047
2003-07-07,81.2218017578125
2003-07-08,79.94535064697266
2003-07-09,78.75215911865234
2003-07-10,78.22486877441406
2003-07-11,78.03062438964844
2003-07-14,77.80864715576172
2003-07-15,76.78197479248047
2003-07-16,75.97721099853516
2003-07-17,75.20024108886719
2003-07-18,77.08718872070312
2003-07-21,75.3667221069336
2003-07-22,76.06044006347656
2003-07-23,76.08818817138672
2003-07-24,76.14373016357422
2003-07-25,78.89087677001953
2003-07-28,78.72437286376953
2003-07-29,77.42015838623047
2003-07-30,77.61438751220703
2003-07-31,78.91863250732422
2003-08-01,78.97412109375
2003-08-04,79.02963256835938
2003-08-05,77.14265441894531
2003-08-06,76.80972290039062
2003-08-07,77.91963958740234
2003-08-08,77.91963958740234
2003-08-11,78.47467041015625
2003-08-12,78.61337280273438
2003-08-13,77.75316619873047
2003-08-14,79.22386932373047
2003-08-15,79.86211395263672
2003-08-18,82.69249725341797
2003-08-19,82.83126831054688
2003-08-20,81.72128295898438
2003-08-21,83.69149017333984
2003-08-22,82.91454315185547
2003-08-25,82.83126831054688
2003-08-26,82.91454315185547
2003-08-27,82.55374908447266
2003-08-28,82.35951232910156
2003-08-29,82.05429077148438
2003-09-02,84.46845245361328
2003-09-03,86.35542297363281
2003-09-04,86.91038513183594
2003-09-05,86.1334228515625
2003-09-08,87.0768814086914
2003-09-09,86.4664077758789
2003-09-10,86.10565948486328
2003-09-11,87.35440826416016
2003-09-12,87.49311828613281
2003-09-15,87.13236999511719
2003-09-16,88.60309600830078
2003-09-17,88.02035522460938
2003-09-18,89.1025619506836
2003-09-19,88.60309600830078
2003-09-22,87.13236999511719
2003-09-23,87.5763168334961
2003-09-24,85.49518585205078
2003-09-25,84.8250732421875
2003-09-26,83.40108489990234
2003-09-29,84.79716491699219
2003-09-30,83.23353576660156
2003-10-01,85.52310943603516
2003-10-02,85.85816192626953
2003-10-03,86.05362701416016
2003-10-06,85.96983337402344
2003-10-07,85.5789566040039
2003-10-08,84.3224868774414
2003-10-09,84.12703704833984
2003-10-10,81.86537170410156
2003-10-13,80.77648162841797
2003-10-14,81.78163146972656
2003-10-15,80.55309295654297
2003-10-16,81.02774047851562
2003-10-17,79.71548461914062
2003-10-20,80.35768127441406
2003-10-21,80.63684844970703
2003-10-22,79.15701293945312
2003-10-23,79.26874542236328
2003-10-24,79.0174331665039
2003-10-27,78.79407501220703
2003-10-28,79.63166809082031
2003-10-29,80.4972915649414
2003-10-30,80.63684844970703
2003-10-31,80.99987030029297
2003-11-03,80.41350555419922
2003-11-04,80.02259826660156
2003-11-05,79.38040924072266
2003-11-06,79.4083251953125
2003-11-07,78.51480102539062
2003-11-10,78.65447235107422
2003-11-11,78.48693084716797
2003-11-12,80.13427734375
2003-11-13,79.12911224365234
2003-11-14,77.84474182128906
2003-11-17,77.64927673339844
2003-11-18,79.4083251953125
2003-11-19,82.28423309326172
2003-11-20,80.83230590820312
2003-11-21,79.74337768554688
2003-11-24,80.27385711669922
2003-11-25,80.72063446044922
2003-11-26,80.32971954345703
2003-11-28,80.05052185058594
2003-12-01,81.0556869506836
2003-12-02,82.3121566772461
2003-12-03,82.42382049560547
2003-12-04,81.39070892333984
2003-12-05,81.25117492675781
2003-12-08,82.00503540039062
2003-12-09,82.5354995727539
2003-12-10,82.98226165771484
2003-12-11,84.88093566894531
2003-12-12,84.07121276855469
2003-12-15,84.6854476928711
2003-12-16,85.5789566040039
2003-12-17,85.80233001708984
2003-12-18,86.13734436035156
2003-12-19,86.24909210205078
2003-12-22,86.55619812011719
2003-12-23,86.83541107177734
2003-12-24,86.27699279785156
2003-12-26,85.7744369506836
2003-12-29,86.64559936523438
2003-12-30,86.33650207519531
