Date,INTC
1998-01-02,10.279914855957031
1998-01-05,10.545316696166992
1998-01-06,10.350687026977539
1998-01-07,10.297609329223633
1998-01-08,10.518776893615723
1998-01-09,10.173749923706055
1998-01-12,10.704559326171875
1998-01-13,10.890338897705078
1998-01-14,10.678014755249023
1998-01-15,10.660327911376953
1998-01-16,10.589550018310547
1998-01-20,10.7930326461792
1998-01-21,10.854954719543457
1998-01-22,10.828413009643555
1998-01-23,10.925726890563965
1998-01-26,10.996502876281738
1998-01-27,11.208823204040527
1998-01-28,11.452022552490234
1998-01-29,11.611324310302734
1998-01-30,11.469720840454102
1998-02-02,11.761775970458984
1998-02-03,12.221981048583984
1998-02-04,12.398979187011719
1998-02-05,12.24853229522705
1998-02-06,12.396770477294922
1998-02-09,12.151180267333984
1998-02-10,12.213129997253418
1998-02-11,12.044983863830566
1998-02-12,12.036125183105469
1998-02-13,11.8679780960083
1998-02-17,11.983025550842285
1998-02-18,12.310478210449219
1998-02-19,12.823781967163086
1998-02-20,13.0007963180542
1998-02-23,13.337093353271484
1998-02-24,13.08044719696045
1998-02-25,13.31054973602295
1998-02-26,13.071587562561035
1998-02-27,12.69989013671875
1998-03-02,12.407832145690918
1998-03-03,12.0803804397583
1998-03-04,12.2396821975708
1998-03-05,10.699760437011719
1998-03-06,11.062614440917969
1998-03-09,10.628954887390137
1998-03-10,10.690912246704102
1998-03-11,10.744012832641602
1998-03-12,10.814810752868652
1998-03-13,10.850217819213867
1998-03-16,11.000673294067383
1998-03-17,10.867912292480469
1998-03-18,10.903316497802734
1998-03-19,10.947569847106934
1998-03-20,10.726312637329102
1998-03-23,10.628954887390137
1998-03-24,10.5404634475708
1998-03-25,10.770565032958984
1998-03-26,11.071470260620117
1998-03-27,11.168817520141602
1998-03-30,10.956422805786133
1998-03-31,11.0537691116333
1998-04-01,10.97411823272705
1998-04-02,10.814810752868652
1998-04-03,10.867912292480469
1998-04-06,10.460811614990234
1998-04-07,10.28381061553955
1998-04-08,10.274958610534668
1998-04-09,10.443106651306152
1998-04-13,10.797123908996582
1998-04-14,10.761717796325684
1998-04-15,10.602413177490234
1998-04-16,10.531615257263184
1998-04-17,10.646665573120117
1998-04-20,10.832518577575684
1998-04-21,11.177669525146484
1998-04-22,11.903379440307617
1998-04-23,11.788320541381836
1998-04-24,11.620177268981934
1998-04-27,11.328123092651367
1998-04-28,11.230766296386719
1998-04-29,11.350114822387695
1998-04-30,11.447503089904785
1998-05-01,11.633427619934082
1998-05-04,11.615715026855469
1998-05-05,11.598014831542969
1998-05-06,11.527181625366211
1998-05-07,11.474066734313965
1998-05-08,11.907879829406738
1998-05-11,11.686546325683594
1998-05-12,11.978704452514648
1998-05-13,12.014120101928711
1998-05-14,11.978704452514648
1998-05-15,11.37667179107666
1998-05-18,11.24387264251709
1998-05-19,11.270435333251953
1998-05-20,10.907440185546875
1998-05-21,10.500184059143066
1998-05-22,10.526744842529297
1998-05-26,10.579863548278809
1998-05-27,10.526744842529297
1998-05-28,10.411646842956543
1998-05-29,10.119483947753906
1998-06-01,9.632546424865723
1998-06-02,9.80961799621582
1998-06-03,9.340385437011719
1998-06-04,9.659104347229004
1998-06-05,9.889296531677246
1998-06-08,9.81847095489502
1998-06-09,9.942413330078125
1998-06-10,9.712228775024414
1998-06-11,9.712228775024414
1998-06-12,9.6945161819458
1998-06-15,9.473180770874023
1998-06-16,9.889296531677246
1998-06-17,9.80961799621582
1998-06-18,9.871585845947266
1998-06-19,9.915854454040527
1998-06-22,10.464771270751953
1998-06-23,10.6595458984375
1998-06-24,10.960564613342285
1998-06-25,10.712665557861328
1998-06-26,10.818907737731934
1998-06-29,10.739224433898926
1998-06-30,10.500184059143066
1998-07-01,10.65069580078125
1998-07-02,10.376236915588379
1998-07-06,10.409432411193848
1998-07-07,10.641839981079102
1998-07-08,11.09337043762207
1998-07-09,11.2969970703125
1998-07-10,11.2969970703125
1998-07-13,11.668835639953613
1998-07-14,11.42979621887207
1998-07-15,11.934438705444336
1998-07-16,11.934438705444336
1998-07-17,11.775076866149902
1998-07-20,11.580304145812988
1998-07-21,11.562599182128906
1998-07-22,11.668835639953613
1998-07-23,11.69540023803711
1998-07-24,11.766225814819336
1998-07-27,12.191190719604492
1998-07-28,12.129216194152832
1998-07-29,11.98755931854248
1998-07-30,12.412525177001953
1998-07-31,11.960999488830566
1998-08-03,12.014120101928711
1998-08-04,11.60686206817627
1998-08-05,11.921093940734863
1998-08-06,12.328505516052246
1998-08-07,12.284220695495605
1998-08-10,12.275367736816406
1998-08-11,11.983097076416016
1998-08-12,12.133659362792969
1998-08-13,12.080520629882812
1998-08-14,12.21336841583252
1998-08-17,12.691629409790039
1998-08-18,12.95733642578125
1998-08-19,12.691629409790039
1998-08-20,12.18679428100586
1998-08-21,12.036239624023438
1998-08-24,11.991954803466797
1998-08-25,11.963168144226074
1998-08-26,11.761678695678711
1998-08-27,11.301131248474121
1998-08-28,10.9114351272583
1998-08-31,10.087764739990234
1998-09-01,10.769728660583496
1998-09-02,10.610309600830078
1998-09-03,10.87601089477539
1998-09-04,11.088569641113281
1998-09-08,11.606695175170898
1998-09-09,11.513689994812012
1998-09-10,11.203706741333008
1998-09-11,12.036239624023438
1998-09-14,12.16022777557373
1998-09-15,12.17794132232666
1998-09-16,12.053946495056152
1998-09-17,11.761678695678711
1998-09-18,11.761678695678711
1998-09-21,11.991954803466797
1998-09-22,11.841391563415527
1998-09-23,12.337362289428711
1998-09-24,12.089380264282227
1998-09-25,12.514496803283691
1998-09-28,12.328505516052246
1998-09-29,12.54106616973877
1998-09-30,12.15137767791748
1998-10-01,11.823675155639648
1998-10-02,11.885673522949219
1998-10-05,11.416269302368164
1998-10-06,11.283421516418457
1998-10-07,11.203706741333008
1998-10-08,11.115140914916992
1998-10-09,11.876818656921387
1998-10-12,12.107090950012207
1998-10-13,11.841391563415527
1998-10-14,11.699681282043457
1998-10-15,11.983097076416016
1998-10-16,11.867958068847656
1998-10-19,12.04509449005127
1998-10-20,11.983097076416016
1998-10-21,12.337362289428711
1998-10-22,12.381650924682617
1998-10-23,12.363933563232422
1998-10-26,12.60306167602539
1998-10-27,12.372790336608887
1998-10-28,12.64292049407959
1998-10-29,12.718205451965332
1998-10-30,12.638484954833984
1998-11-02,13.010478019714355
1998-11-03,12.815622329711914
1998-11-04,13.441539764404297
1998-11-05,13.326349258422852
1998-11-06,13.530142784118652
1998-11-09,13.609883308410645
1998-11-10,13.831406593322754
1998-11-11,14.699748992919922
1998-11-12,14.557975769042969
1998-11-13,14.708608627319336
1998-11-16,15.15163516998291
1998-11-17,15.382011413574219
1998-11-18,15.576946258544922
1998-11-19,16.002248764038086
1998-11-20,15.887064933776855
1998-11-23,16.099716186523438
1998-11-24,15.656691551208496
1998-11-25,15.55922794342041
1998-11-27,15.594667434692383
1998-11-30,15.257957458496094
1998-12-01,16.303512573242188
1998-12-02,16.099716186523438
1998-12-03,15.523783683776855
1998-12-04,16.489582061767578
1998-12-07,16.861736297607422
1998-12-08,17.02121925354004
1998-12-09,16.89717674255371
1998-12-10,16.250349044799805
1998-12-11,16.507312774658203
1998-12-14,15.816178321838379
1998-12-15,16.436418533325195
1998-12-16,16.179466247558594
1998-12-17,16.5693302154541
1998-12-18,17.012365341186523
1998-12-21,17.393375396728516
1998-12-22,16.879451751708984
1998-12-23,17.72120475769043
1998-12-24,17.72120475769043
1998-12-28,17.313613891601562
1998-12-29,17.162988662719727
1998-12-30,16.89717674255371
1998-12-31,16.80856704711914
1999-01-04,17.12755584716797
1999-01-05,17.473108291625977
1999-01-06,18.359172821044922
1999-01-07,18.323734283447266
1999-01-08,18.385751724243164
1999-01-11,19.81231117248535
1999-01-12,19.218656539916992
1999-01-13,19.705978393554688
1999-01-14,18.961706161499023
1999-01-15,19.19207000732422
1999-01-19,19.759143829345703
1999-01-20,19.599660873413086
1999-01-21,18.926250457763672
1999-01-22,18.270559310913086
1999-01-25,18.518667221069336
1999-01-26,19.41358184814453
1999-01-27,18.819921493530273
1999-01-28,19.44902229309082
1999-01-29,19.980663299560547
1999-02-01,19.546491622924805
1999-02-02,19.085737228393555
1999-02-03,19.67045021057129
1999-02-04,18.456005096435547
1999-02-05,18.09256362915039
1999-02-08,18.721939086914062
1999-02-09,17.77342987060547
1999-02-10,18.26984405517578
1999-02-11,18.899232864379883
1999-02-12,17.941864013671875
1999-02-16,17.92412757873535
1999-02-17,17.675920486450195
1999-02-18,18.172348022460938
1999-02-19,18.163476943969727
1999-02-22,18.837177276611328
1999-02-23,19.041061401367188
1999-02-24,18.49146270751953
1999-02-25,18.11914825439453
1999-02-26,17.011079788208008
1999-03-01,16.603313446044922
1999-03-02,15.575010299682617
1999-03-03,16.266456604003906
1999-03-04,16.08030128479004
1999-03-05,16.25759506225586
1999-03-08,16.966760635375977
1999-03-09,16.3550968170166
1999-03-10,16.57671546936035
1999-03-11,16.754003524780273
1999-03-12,16.77174949645996
1999-03-15,16.71855926513672
1999-03-16,17.0731258392334
1999-03-17,17.090866088867188
1999-03-18,17.277015686035156
1999-03-19,16.878114700317383
1999-03-22,16.328508377075195
1999-03-23,16.248733520507812
1999-03-24,16.91357421875
1999-03-25,16.7274169921875
1999-03-26,16.550127029418945
1999-03-29,17.241559982299805
1999-03-30,17.241559982299805
1999-03-31,16.860374450683594
1999-04-01,17.1440486907959
1999-04-05,18.08369255065918
1999-04-06,18.500320434570312
1999-04-07,18.739662170410156
1999-04-08,18.588972091674805
1999-04-09,18.553518295288086
1999-04-12,17.37452507019043
1999-04-13,17.16177749633789
1999-04-14,16.168956756591797
1999-04-15,16.57671546936035
1999-04-16,16.2398624420166
1999-04-19,15.743453025817871
1999-04-20,16.04484748840332
1999-04-21,16.57671546936035
1999-04-22,17.445444107055664
1999-04-23,17.516357421875
1999-04-26,18.278705596923828
1999-04-27,17.658201217651367
1999-04-28,17.35679817199707
1999-04-29,17.250423431396484
1999-04-30,17.35679817199707
1999-05-03,17.906396865844727
1999-05-04,17.49863624572754
1999-05-05,18.163440704345703
1999-05-06,16.93954849243164
1999-05-07,17.294296264648438
1999-05-10,17.20560646057129
1999-05-11,17.684524536132812
1999-05-12,17.73773193359375
1999-05-13,17.04596710205078
1999-05-14,16.460615158081055
1999-05-17,16.868581771850586
1999-05-18,16.72669219970703
1999-05-19,16.93954849243164
1999-05-20,16.37192726135254
1999-05-21,16.176822662353516
1999-05-24,15.875277519226074
1999-05-25,15.006119728088379
1999-05-26,14.669109344482422
1999-05-27,15.077071189880371
1999-05-28,15.34313678741455
1999-06-01,14.385313034057617
1999-06-02,14.740062713623047
1999-06-03,14.3320951461792
1999-06-04,15.094813346862793
1999-06-07,15.165763854980469
1999-06-08,14.669109344482422
1999-06-09,15.077071189880371
1999-06-10,15.715628623962402
1999-06-11,15.449576377868652
1999-06-14,15.431836128234863
1999-06-15,15.804327011108398
1999-06-16,16.93954849243164
1999-06-17,16.460615158081055
1999-06-18,15.591475486755371
1999-06-21,16.123607635498047
1999-06-22,15.804327011108398
1999-06-23,16.052650451660156
1999-06-24,15.626948356628418
1999-06-25,15.697896957397461
1999-06-28,16.176822662353516
1999-06-29,16.815378189086914
1999-06-30,16.886323928833008
1999-07-01,17.844161987304688
1999-07-02,18.021533966064453
1999-07-06,18.127967834472656
1999-07-07,18.26986312866211
1999-07-08,18.660104751586914
1999-07-09,18.8019962310791
1999-07-12,18.57140350341797
1999-07-13,18.553674697875977
1999-07-14,19.298656463623047
1999-07-15,19.209972381591797
1999-07-16,19.050325393676758
1999-07-19,19.174497604370117
1999-07-20,18.429508209228516
1999-07-21,18.606889724731445
1999-07-22,18.127967834472656
1999-07-23,18.216655731201172
1999-07-26,17.844161987304688
1999-07-27,19.174497604370117
1999-07-28,19.954959869384766
1999-07-29,19.724349975585938
1999-07-30,19.58246421813965
1999-08-02,20.238767623901367
1999-08-03,20.699939727783203
1999-08-04,20.6729736328125
1999-08-05,20.28257942199707
1999-08-06,20.318063735961914
1999-08-09,20.850418090820312
1999-08-10,20.37129783630371
1999-08-11,21.57796859741211
1999-08-12,21.560224533081055
1999-08-13,22.642669677734375
1999-08-16,22.305511474609375
1999-08-17,22.429719924926758
1999-08-18,22.287761688232422
1999-08-19,21.950607299804688
1999-08-20,22.695911407470703
1999-08-23,23.547670364379883
1999-08-24,23.60089683532715
1999-08-25,23.760602951049805
1999-08-26,23.015310287475586
1999-08-27,23.565406799316406
1999-08-30,23.352468490600586
1999-08-31,23.33473014831543
1999-09-01,23.68962287902832
1999-09-02,24.22197914123535
1999-09-03,25.3576602935791
1999-09-07,24.878551483154297
1999-09-08,24.39943504333496
1999-09-09,24.91403579711914
1999-09-10,24.807579040527344
1999-09-13,23.95578956604004
1999-09-14,24.36393165588379
1999-09-15,23.565406799316406
1999-09-16,23.458942413330078
1999-09-17,24.026775360107422
1999-09-20,23.867076873779297
1999-09-21,23.281492233276367
1999-09-22,23.512155532836914
1999-09-23,22.00383949279785
1999-09-24,21.484804153442383
1999-09-27,22.19904899597168
1999-09-28,22.00383949279785
1999-09-29,21.347272872924805
1999-09-30,21.09884262084961
1999-10-01,21.27630043029785
1999-10-04,21.861881256103516
1999-10-05,21.631200790405273
1999-10-06,21.844139099121094
1999-10-07,21.471494674682617
1999-10-08,21.489242553710938
1999-10-11,21.719928741455078
1999-10-12,21.77316665649414
1999-10-13,20.47776985168457
1999-10-14,20.82379913330078
1999-10-15,20.122873306274414
1999-10-18,19.696989059448242
1999-10-19,18.49032974243164
1999-10-20,19.856698989868164
1999-10-21,20.35354995727539
1999-10-22,20.850418090820312
1999-10-25,20.229333877563477
1999-10-26,20.28257942199707
1999-10-27,19.714740753173828
1999-10-28,20.495525360107422
1999-10-29,21.986099243164062
1999-11-01,21.57796859741211
1999-11-02,22.00383949279785
1999-11-03,22.651437759399414
1999-11-04,23.16623878479004
1999-11-05,23.39701271057129
1999-11-08,23.326005935668945
1999-11-09,22.740190505981445
1999-11-10,22.438404083251953
1999-11-11,22.562681198120117
1999-11-12,21.639572143554688
1999-11-15,21.0360164642334
1999-11-16,21.746091842651367
1999-11-17,21.231285095214844
1999-11-18,22.296398162841797
1999-11-19,22.68693733215332
1999-11-22,22.86445426940918
1999-11-23,22.438404083251953
1999-11-24,23.343769073486328
1999-11-26,22.793447494506836
1999-11-29,22.420663833618164
1999-11-30,21.78159523010254
1999-12-01,21.675073623657227
1999-12-02,22.030115127563477
1999-12-03,22.349645614624023
1999-12-06,22.11888313293457
1999-12-07,21.92361068725586
1999-12-08,21.16027069091797
1999-12-09,20.805240631103516
1999-12-10,20.521207809448242
1999-12-13,21.0360164642334
1999-12-14,20.574453353881836
1999-12-15,22.420663833618164
1999-12-16,22.793447494506836
1999-12-17,23.308258056640625
1999-12-20,23.024221420288086
1999-12-21,23.539024353027344
1999-12-22,23.432512283325195
1999-12-23,23.61004066467285
1999-12-27,24.160348892211914
1999-12-28,23.574533462524414
1999-12-29,23.823062896728516
1999-12-30,23.769804000854492
1999-12-31,23.379261016845703
2000-01-03,24.710657119750977
2000-01-04,23.556781768798828
2000-01-05,23.75204849243164
2000-01-06,22.367406845092773
2000-01-07,23.290502548217773
2000-01-10,24.35562515258789
2000-01-11,25.47398567199707
2000-01-12,25.91779136657715
2000-01-13,25.86453628540039
2000-01-14,29.27290153503418
2000-01-18,29.00661277770996
2000-01-19,28.420808792114258
2000-01-20,27.16040802001953
2000-01-21,27.817232131958008
2000-01-24,28.065773010253906
2000-01-25,28.846851348876953
2000-01-26,27.408946990966797
2000-01-27,27.8704891204834
2000-01-28,26.69887351989746
2000-01-31,28.101259231567383
2000-02-01,28.811338424682617
2000-02-02,28.420808792114258
2000-02-03,29.60131072998047
2000-02-04,29.761125564575195
2000-02-07,30.666746139526367
2000-02-08,30.915348052978516
2000-02-09,29.72560691833496
2000-02-10,30.577938079833984
2000-02-11,30.080739974975586
2000-02-14,31.217227935791016
2000-02-15,31.820964813232422
2000-02-16,30.45365333557129
2000-02-17,31.252727508544922
2000-02-18,29.938688278198242
2000-02-22,30.329362869262695
2000-02-23,30.986364364624023
2000-02-24,32.460208892822266
2000-02-25,32.17610168457031
2000-02-28,31.92749786376953
2000-02-29,32.10508346557617
2000-03-01,32.92190170288086
2000-03-02,32.88640594482422
2000-03-03,33.88080596923828
2000-03-06,33.34807586669922
2000-03-07,32.88640594482422
2000-03-08,32.65556335449219
2000-03-09,33.6321907043457
2000-03-10,34.14715576171875
2000-03-13,34.69762420654297
2000-03-14,33.49014663696289
2000-03-15,34.14715576171875
2000-03-16,35.5322265625
2000-03-17,36.8995361328125
2000-03-20,38.35561752319336
2000-03-21,39.332275390625
2000-03-22,40.930419921875
2000-03-23,40.52203369140625
2000-03-24,39.50983428955078
2000-03-27,40.539764404296875
2000-03-28,38.55094909667969
2000-03-29,37.46775436401367
2000-03-30,36.08269119262695
2000-03-31,37.485511779785156
2000-04-03,37.11262893676758
2000-04-04,37.71636199951172
2000-04-05,36.8995361328125
2000-04-06,36.88177490234375
2000-04-07,38.87059020996094
2000-04-10,37.254676818847656
2000-04-11,37.14812469482422
2000-04-12,34.626583099365234
2000-04-13,34.413516998291016
2000-04-14,31.394790649414062
2000-04-17,34.94624710083008
2000-04-18,36.65092086791992
2000-04-19,33.827518463134766
2000-04-20,32.77982711791992
2000-04-24,32.99292755126953
2000-04-25,35.51445388793945
2000-04-26,34.32473373413086
2000-04-27,35.60325622558594
2000-04-28,36.0294189453125
2000-05-01,36.118221282958984
2000-05-02,34.431278228759766
2000-05-03,33.83591079711914
2000-05-04,33.97799301147461
2000-05-05,35.06145095825195
2000-05-08,33.427371978759766
2000-05-09,33.23200607299805
2000-05-10,30.141483306884766
2000-05-11,32.841251373291016
2000-05-12,32.681392669677734
2000-05-15,33.5694694519043
2000-05-16,34.635189056396484
2000-05-17,35.00818634033203
2000-05-18,35.2213134765625
2000-05-19,33.49842834472656
2000-05-22,33.6405143737793
2000-05-23,31.22494888305664
2000-05-24,33.35634231567383
2000-05-25,32.73466873168945
2000-05-26,33.40962600708008
2000-05-30,35.73638916015625
2000-05-31,35.434452056884766
2000-06-01,36.85536575317383
2000-06-02,38.13423538208008
2000-06-05,37.67240905761719
2000-06-06,36.81985855102539
2000-06-07,36.64223861694336
2000-06-08,35.86073303222656
2000-06-09,36.10938262939453
2000-06-12,35.541015625
2000-06-13,37.37044906616211
2000-06-14,35.93177032470703
2000-06-15,36.446861267089844
2000-06-16,35.82521438598633
2000-06-19,38.79141616821289
2000-06-20,39.306480407714844
2000-06-21,39.50185012817383
2000-06-22,38.098697662353516
2000-06-23,38.187503814697266
2000-06-26,38.13423538208008
2000-06-27,37.334922790527344
2000-06-28,37.619136810302734
2000-06-29,37.44150161743164
2000-06-30,37.99214172363281
2000-07-03,38.89795684814453
2000-07-05,37.405982971191406
2000-07-06,38.826900482177734
2000-07-07,39.59066390991211
2000-07-10,39.16439437866211
2000-07-11,39.44858169555664
2000-07-12,40.12351989746094
2000-07-13,40.69187545776367
2000-07-14,41.68654251098633
2000-07-17,41.57999801635742
2000-07-18,40.63860321044922
2000-07-19,39.25318908691406
2000-07-20,40.54979705810547
2000-07-21,39.27096176147461
2000-07-24,39.2176628112793
2000-07-25,40.034706115722656
2000-07-26,39.50185012817383
2000-07-27,38.933494567871094
2000-07-28,36.69551086425781
2000-07-31,37.9388313293457
2000-08-01,36.731056213378906
2000-08-02,35.98507308959961
2000-08-03,36.99139404296875
2000-08-04,35.56999969482422
2000-08-07,35.783226013183594
2000-08-08,35.037010192871094
2000-08-09,36.13858413696289
2000-08-10,35.25020217895508
2000-08-11,36.28071212768555
2000-08-14,38.05744552612305
2000-08-15,38.590450286865234
2000-08-16,38.69704818725586
2000-08-17,39.83414077758789
2000-08-18,40.11842727661133
2000-08-21,40.97126770019531
2000-08-22,41.00679016113281
2000-08-23,42.42817687988281
2000-08-24,42.21495819091797
2000-08-25,41.4687614440918
2000-08-28,42.001766204833984
2000-08-29,42.10835266113281
2000-08-30,41.788551330566406
2000-08-31,42.57032012939453
2000-09-01,42.03728485107422
2000-09-05,39.37220764160156
2000-09-06,37.355621337890625
2000-09-07,38.34172058105469
2000-09-08,37.169071197509766
2000-09-11,36.77817153930664
2000-09-12,36.92033386230469
2000-09-13,34.82380294799805
2000-09-14,33.89989471435547
2000-09-15,32.70060729980469
2000-09-18,31.732297897338867
2000-09-19,34.32632827758789
2000-09-20,35.85429382324219
2000-09-21,34.9570426940918
2000-09-22,27.25494384765625
2000-09-25,25.798030853271484
2000-09-26,24.625396728515625
2000-09-27,24.945201873779297
2000-09-28,25.265018463134766
2000-09-29,23.630435943603516
2000-10-02,22.81313133239746
2000-10-03,22.919742584228516
2000-10-04,23.879167556762695
2000-10-05,23.310623168945312
2000-10-06,22.70652961730957
2000-10-09,22.20905113220215
2000-10-10,21.356225967407227
2000-10-11,20.112512588500977
2000-10-12,21.107479095458984
2000-10-13,22.955280303955078
2000-10-16,20.29018783569336
2000-10-17,20.574464797973633
2000-10-18,21.711566925048828
2000-10-19,23.843639373779297
2000-10-20,24.483240127563477
2000-10-23,24.625396728515625
2000-10-24,23.879167556762695
2000-10-25,23.488292694091797
2000-10-26,25.40716552734375
2000-10-27,26.366586685180664
2000-10-30,25.584827423095703
2000-10-31,25.584827423095703
2000-11-01,25.513771057128906
2000-11-02,26.54426383972168
2000-11-03,26.129024505615234
2000-11-06,26.484535217285156
2000-11-07,26.2712345123291
2000-11-08,24.28044891357422
2000-11-09,23.533910751342773
2000-11-10,21.045429229736328
2000-11-13,21.72087287902832
2000-11-14,23.285064697265625
2000-11-15,23.605012893676758
2000-11-16,22.751819610595703
2000-11-17,23.605012893676758
2000-11-20,23.391706466674805
2000-11-21,24.244905471801758
2000-11-22,23.427270889282227
2000-11-24,24.991445541381836
2000-11-27,24.991445541381836
2000-11-28,23.907180786132812
2000-11-29,24.316011428833008
2000-11-30,21.649776458740234
2000-12-01,19.410152435302734
2000-12-04,18.73470115661621
2000-12-05,20.476634979248047
2000-12-06,18.05924415588379
2000-12-07,18.379199981689453
2000-12-08,19.33903694152832
2000-12-11,21.294281005859375
2000-12-12,20.76103973388672
2000-12-13,20.19223976135254
2000-12-14,19.97893714904785
2000-12-15,18.450298309326172
2000-12-18,18.91244888305664
2000-12-19,19.019088745117188
2000-12-20,18.165897369384766
2000-12-21,18.841346740722656
2000-12-22,18.73470115661621
2000-12-26,18.699146270751953
2000-12-27,18.521400451660156
2000-12-28,17.59710121154785
2000-12-29,17.099422454833984
2001-01-02,17.6682071685791
2001-01-03,19.472354888916016
2001-01-04,19.223506927490234
2001-01-05,18.237003326416016
2001-01-08,18.165897369384766
2001-01-09,18.343656539916992
2001-01-10,18.77023696899414
2001-01-11,18.983545303344727
2001-01-12,18.272550582885742
2001-01-16,17.845947265625
2001-01-17,17.348257064819336
2001-01-18,18.308095932006836
2001-01-19,19.090192794799805
2001-01-22,18.983545303344727
2001-01-23,20.121129989624023
2001-01-24,20.61882972717285
2001-01-25,19.623437881469727
2001-01-26,20.405534744262695
2001-01-29,21.080989837646484
2001-01-30,21.045429229736328
2001-01-31,21.045429229736328
2001-02-01,21.507572174072266
2001-02-02,20.298891067504883
2001-02-05,19.741147994995117
2001-02-06,20.16798973083496
2001-02-07,19.88343048095703
2001-02-08,19.70558738708496
2001-02-09,19.06532859802246
2001-02-12,19.670011520385742
2001-02-13,18.460647583007812
2001-02-14,19.421037673950195
2001-02-15,20.38140296936035
2001-02-16,19.563297271728516
2001-02-20,17.891530990600586
2001-02-21,17.50027084350586
2001-02-22,17.07343292236328
2001-02-23,17.037857055664062
2001-02-26,16.78887176513672
2001-02-27,16.504318237304688
2001-02-28,16.255329132080078
2001-03-01,16.57545280456543
2001-03-02,16.682157516479492
2001-03-05,17.286846160888672
2001-03-06,17.927104949951172
2001-03-07,18.745206832885742
2001-03-08,18.92305564880371
2001-03-09,16.753299713134766
2001-03-12,15.792919158935547
2001-03-13,16.717729568481445
2001-03-14,16.539878845214844
2001-03-15,16.21976089477539
2001-03-16,15.864066123962402
2001-03-19,15.401668548583984
2001-03-20,14.014443397521973
2001-03-21,14.547986030578613
2001-03-22,16.326473236083984
2001-03-23,16.397611618041992
2001-03-26,16.1130428314209
2001-03-27,16.717729568481445
2001-03-28,15.330513000488281
2001-03-29,15.117097854614258
2001-03-30,14.97481918334961
2001-04-02,14.681375503540039
2001-04-03,14.227855682373047
2001-04-04,12.876212120056152
2001-04-05,14.5835542678833
2001-04-06,13.445326805114746
2001-04-09,13.203451156616211
2001-04-10,14.096963882446289
2001-04-11,15.662030220031738
2001-04-12,16.003490447998047
2001-04-16,14.967707633972168
2001-04-17,14.819733619689941
2001-04-18,17.801898956298828
2001-04-19,18.49052619934082
2001-04-20,18.456388473510742
2001-04-23,17.25554656982422
2001-04-24,16.583982467651367
2001-04-25,16.52138328552246
2001-04-26,16.2994384765625
2001-04-27,17.175870895385742
2001-04-30,17.591325759887695
2001-05-01,17.744983673095703
2001-05-02,18.177520751953125
2001-05-03,17.31191635131836
2001-05-04,17.585264205932617
2001-05-07,17.744709014892578
2001-05-08,17.92694664001465
2001-05-09,17.04426383972168
2001-05-10,16.520349502563477
2001-05-11,15.911012649536133
2001-05-14,15.609203338623047
2001-05-15,15.489609718322754
2001-05-16,16.150190353393555
2001-05-17,16.286869049072266
2001-05-18,16.37798309326172
2001-05-21,17.027183532714844
2001-05-22,16.81648063659668
2001-05-23,16.400758743286133
2001-05-24,16.634246826171875
2001-05-25,16.571605682373047
2001-05-29,15.859764099121094
2001-05-30,15.14792537689209
2001-05-31,15.3814058303833
2001-06-01,16.366594314575195
2001-06-04,16.229921340942383
2001-06-05,16.930368423461914
2001-06-06,16.98162078857422
2001-06-07,17.733327865600586
2001-06-08,17.465665817260742
2001-06-11,17.27204132080078
2001-06-12,17.158159255981445
2001-06-13,16.54882049560547
2001-06-14,15.723085403442383
2001-06-15,15.76294994354248
2001-06-18,15.688920021057129
2001-06-19,15.18779468536377
2001-06-20,15.654755592346191
2001-06-21,15.529472351074219
2001-06-22,15.66614818572998
2001-06-25,16.275480270385742
2001-06-26,16.497577667236328
2001-06-27,16.315338134765625
2001-06-28,16.87911605834961
2001-06-29,16.657024383544922
2001-07-02,17.1182918548584
2001-07-03,17.346086502075195
2001-07-05,16.993005752563477
2001-07-06,16.1900577545166
2001-07-09,16.457706451416016
2001-07-10,15.825599670410156
2001-07-11,15.979350090026855
2001-07-12,17.141071319580078
2001-07-13,17.192325592041016
2001-07-16,16.588693618774414
2001-07-17,17.027183532714844
2001-07-18,16.45201301574707
2001-07-19,17.06134796142578
2001-07-20,17.04426383972168
2001-07-23,16.5146484375
2001-07-24,16.44631576538086
2001-07-25,16.75383186340332
2001-07-26,16.958847045898438
2001-07-27,16.63993263244629
2001-07-30,16.537437438964844
2001-07-31,16.975927352905273
2001-08-01,17.51123046875
2001-08-02,18.28571891784668
2001-08-03,18.052082061767578
2001-08-06,17.25432586669922
2001-08-07,17.44806671142578
2001-08-08,16.872541427612305
2001-08-09,16.89533042907715
2001-08-10,17.0662841796875
2001-08-13,17.41387176513672
2001-08-14,17.294214248657227
2001-08-15,16.96941375732422
2001-08-16,17.185943603515625
2001-08-17,15.995010375976562
2001-08-20,16.0690860748291
2001-08-21,15.425185203552246
2001-08-22,15.932329177856445
2001-08-23,15.767082214355469
2001-08-24,16.570537567138672
2001-08-27,16.610422134399414
2001-08-28,16.245731353759766
2001-08-29,16.012107849121094
2001-08-30,15.459371566772461
2001-08-31,15.932329177856445
2001-09-04,15.29981803894043
2001-09-05,15.65311336517334
2001-09-06,14.872458457946777
2001-09-07,14.752782821655273
2001-09-10,14.855359077453613
2001-09-17,13.442193984985352
2001-09-18,13.37381362915039
2001-09-19,12.695717811584473
2001-09-20,11.778302192687988
2001-09-21,10.997633934020996
2001-09-24,12.14299201965332
2001-09-25,12.35382080078125
2001-09-26,11.909358024597168
2001-09-27,11.709927558898926
2001-09-28,11.64724063873291
2001-10-01,11.402213096618652
2001-10-02,11.134393692016602
2001-10-03,12.097403526306152
2001-10-04,12.27974796295166
2001-10-05,12.513374328613281
2001-10-08,12.672921180725098
2001-10-09,12.222764015197754
2001-10-10,13.140185356140137
2001-10-11,13.966431617736816
2001-10-12,14.257044792175293
2001-10-15,13.89236068725586
2001-10-16,14.222845077514648
2001-10-17,14.000618934631348
2001-10-18,13.704305648803711
2001-10-19,13.7612886428833
2001-10-22,14.416594505310059
2001-10-23,14.245645523071289
2001-10-24,14.51916217803955
2001-10-25,14.872458457946777
2001-10-26,14.73569107055664
2001-10-29,13.778389930725098
2001-10-30,13.41369915008545
2001-10-31,13.915144920349121
2001-11-01,14.781283378601074
2001-11-02,14.986417770385742
2001-11-05,15.374189376831055
2001-11-06,16.109832763671875
2001-11-07,16.132633209228516
2001-11-08,16.126941680908203
2001-11-09,15.89884090423584
2001-11-12,16.183963775634766
2001-11-13,17.13629722595215
2001-11-14,17.860525131225586
2001-11-15,17.552593231201172
2001-11-16,17.467039108276367
2001-11-19,17.672338485717773
2001-11-20,17.079275131225586
2001-11-21,17.569692611694336
2001-11-23,17.71225357055664
2001-11-26,18.174171447753906
2001-11-27,18.425085067749023
2001-11-28,18.11144256591797
2001-11-29,18.430782318115234
2001-11-30,18.624677658081055
2001-12-03,18.271108627319336
2001-12-04,18.73872947692871
2001-12-05,19.736675262451172
2001-12-06,19.48006248474121
2001-12-07,18.95542335510254
2001-12-10,18.79005241394043
2001-12-11,18.926908493041992
2001-12-12,19.4344425201416
2001-12-13,18.57334327697754
2001-12-14,18.972536087036133
2001-12-17,19.371719360351562
2001-12-18,19.280471801757812
2001-12-19,18.847076416015625
2001-12-20,18.236896514892578
2001-12-21,18.48210334777832
2001-12-24,18.259714126586914
2001-12-26,18.413677215576172
2001-12-27,18.630386352539062
2001-12-28,18.385162353515625
2001-12-31,17.934656143188477
2002-01-02,18.818572998046875
2002-01-03,20.255615234375
2002-01-04,20.40958595275879
2002-01-07,20.113054275512695
2002-01-08,20.289831161499023
2002-01-09,20.164379119873047
2002-01-10,19.759485244750977
2002-01-11,19.702465057373047
2002-01-14,19.86783790588379
2002-01-15,19.776599884033203
2002-01-16,19.223447799682617
2002-01-17,19.691055297851562
2002-01-18,19.092281341552734
2002-01-22,18.077220916748047
2002-01-23,18.504919052124023
2002-01-24,18.932613372802734
2002-01-25,19.206342697143555
2002-01-28,19.34319305419922
2002-01-29,18.636079788208008
2002-01-30,19.30898666381836
2002-01-31,19.981895446777344
2002-02-01,19.770891189575195
2002-02-04,19.377418518066406
2002-02-05,19.28612518310547
2002-02-06,18.78399658203125
2002-02-07,18.43593406677246
2002-02-08,18.55576515197754
2002-02-11,19.154876708984375
2002-02-12,18.812530517578125
2002-02-13,19.046478271484375
2002-02-14,19.023649215698242
2002-02-15,18.424530029296875
2002-02-19,17.882455825805664
2002-02-20,17.939516067504883
2002-02-21,16.821144104003906
2002-02-22,16.849679946899414
2002-02-25,17.699871063232422
2002-02-26,17.1292724609375
2002-02-27,17.055095672607422
2002-02-28,16.290494918823242
2002-03-01,17.67703628540039
2002-03-04,18.1734619140625
2002-03-05,18.65846061706543
2002-03-06,18.80681800842285
2002-03-07,18.818235397338867
2002-03-08,19.497243881225586
2002-03-11,19.069293975830078
2002-03-12,18.823944091796875
2002-03-13,17.882455825805664
2002-03-14,17.671342849731445
2002-03-15,18.110698699951172
2002-03-18,18.04222869873047
2002-03-19,18.099287033081055
2002-03-20,17.420269012451172
2002-03-21,17.916690826416016
2002-03-22,17.454505920410156
2002-03-25,17.117855072021484
2002-03-26,17.55721664428711
2002-03-27,17.351808547973633
2002-03-28,17.351808547973633
2002-04-01,17.785451889038086
2002-04-02,17.134971618652344
2002-04-03,17.043684005737305
2002-04-04,17.454505920410156
2002-04-05,17.146387100219727
2002-04-08,17.07791519165039
2002-04-09,16.23914909362793
2002-04-10,16.69561767578125
2002-04-11,16.513038635253906
2002-04-12,16.199199676513672
2002-04-15,16.039430618286133
2002-04-16,16.838266372680664
2002-04-17,17.483034133911133
2002-04-18,17.374629974365234
2002-04-19,17.17491912841797
2002-04-22,17.1520938873291
2002-04-23,16.855388641357422
2002-04-24,16.495912551879883
2002-04-25,16.59861946105957
2002-04-26,16.04514503479004
2002-04-29,15.999489784240723
2002-04-30,16.324739456176758
2002-05-01,16.336149215698242
2002-05-02,15.902497291564941
2002-05-03,15.165900230407715
2002-05-06,14.72050952911377
2002-05-07,14.931781768798828
2002-05-08,16.547719955444336
2002-05-09,16.125186920166016
2002-05-10,15.422846794128418
2002-05-13,16.28506088256836
2002-05-14,17.215808868408203
2002-05-15,17.26719856262207
2002-05-16,17.569828033447266
2002-05-17,17.815359115600586
2002-05-20,17.238645553588867
2002-05-21,16.599119186401367
2002-05-22,16.896038055419922
2002-05-23,16.781845092773438
2002-05-24,16.364999771118164
2002-05-28,16.187986373901367
2002-05-29,15.571308135986328
2002-05-30,15.656964302062988
2002-05-31,15.77115535736084
2002-06-03,15.200155258178711
2002-06-04,15.702637672424316
2002-06-05,16.090930938720703
2002-06-06,15.417145729064941
2002-06-07,12.562114715576172
2002-06-10,12.031078338623047
2002-06-11,11.545716285705566
2002-06-12,12.322288513183594
2002-06-13,12.053912162780762
2002-06-14,12.15098762512207
2002-06-17,12.881871223449707
2002-06-18,12.573525428771973
2002-06-19,11.471488952636719
2002-06-20,10.986139297485352
2002-06-21,10.69492244720459
2002-06-24,11.03752613067627
2002-06-25,10.460814476013184
2002-06-26,10.626408576965332
2002-06-27,10.64924430847168
2002-06-28,10.432262420654297
2002-07-01,10.015427589416504
2002-07-02,9.461553573608398
2002-07-03,10.13534164428711
2002-07-05,11.15743637084961
2002-07-08,10.563593864440918
2002-07-09,10.255245208740234
2002-07-10,9.598596572875977
2002-07-11,10.420842170715332
2002-07-12,10.272377967834473
2002-07-15,10.917619705200195
2002-07-16,10.48365306854248
2002-07-17,11.100337028503418
2002-07-18,10.957587242126465
2002-07-19,10.64924430847168
2002-07-22,10.426551818847656
2002-07-23,10.16960334777832
2002-07-24,10.677790641784668
2002-07-25,9.981165885925293
2002-07-26,10.16960334777832
2002-07-29,10.786285400390625
2002-07-30,10.8319673538208
2002-07-31,10.729186058044434
2002-08-01,10.026849746704102
2002-08-02,9.541491508483887
2002-08-05,9.078426361083984
2002-08-06,9.793039321899414
2002-08-07,10.13033390045166
2002-08-08,10.507651329040527
2002-08-09,10.210373878479004
2002-08-12,10.021714210510254
2002-08-13,9.547211647033691
2002-08-14,10.456199645996094
2002-08-15,10.639140129089355
2002-08-16,10.71917724609375
2002-08-19,11.125076293945312
2002-08-20,10.844948768615723
2002-08-21,11.199394226074219
2002-08-22,10.947854042053223
2002-08-23,10.267533302307129
2002-08-26,10.364727020263672
2002-08-27,9.821622848510742
2002-08-28,9.627249717712402
2002-08-29,9.798754692077637
2002-08-30,9.530061721801758
2002-09-03,9.06699275970459
2002-09-04,9.209915161132812
2002-09-05,8.638224601745605
2002-09-06,9.272802352905273
2002-09-09,9.192766189575195
2002-09-10,9.415721893310547
2002-09-11,9.50147819519043
2002-09-12,8.975522994995117
2002-09-13,9.164180755615234
2002-09-16,8.975522994995117
2002-09-17,8.901200294494629
2002-09-18,8.73541259765625
2002-09-19,8.5639066696167
2002-09-20,8.518171310424805
2002-09-23,8.07796859741211
2002-09-24,8.19802474975586
2002-09-25,8.689681053161621
2002-09-26,8.661091804504395
2002-09-27,8.358097076416016
2002-09-30,7.940764904022217
2002-10-01,8.38668155670166
2002-10-02,8.175156593322754
2002-10-03,7.912181377410889
2002-10-04,7.837860584259033
2002-10-07,7.900744438171387
2002-10-08,7.557732105255127
2002-10-09,7.694940090179443
2002-10-10,8.10655689239502
2002-10-11,8.701111793518066
2002-10-14,8.632512092590332
2002-10-15,9.444310188293457
2002-10-16,7.740674018859863
2002-10-17,8.135141372680664
2002-10-18,8.266624450683594
2002-10-21,8.832601547241211
2002-10-22,8.643942832946777
2002-10-23,9.23849868774414
2002-10-24,8.935501098632812
2002-10-25,9.48432445526123
2002-10-28,9.610097885131836
2002-10-29,9.375701904296875
2002-10-30,9.71300220489502
2002-10-31,9.890225410461426
2002-11-01,10.461912155151367
2002-11-04,10.730611801147461
2002-11-05,10.50168514251709
2002-11-06,10.9595308303833
2002-11-07,10.553200721740723
2002-11-08,10.387231826782227
2002-11-11,9.923666954040527
2002-11-12,10.181200981140137
2002-11-13,10.370063781738281
2002-11-14,10.993866920471191
2002-11-15,10.759224891662598
2002-11-18,10.616150856018066
2002-11-19,10.387231826782227
2002-11-20,10.9595308303833
2002-11-21,11.566164016723633
2002-11-22,11.474596977233887
2002-11-25,11.720685005187988
2002-11-26,11.560443878173828
2002-11-27,11.961050033569336
2002-11-29,11.949602127075195
2002-12-02,12.046895027160645
2002-12-03,11.623396873474121
2002-12-04,11.257124900817871
2002-12-05,10.850793838500977
2002-12-06,10.707717895507812
2002-12-09,10.118250846862793
2002-12-10,10.375784873962402
2002-12-11,10.392951965332031
2002-12-12,10.410120964050293
2002-12-13,10.061019897460938
2002-12-16,10.427289962768555
2002-12-17,10.238431930541992
2002-12-18,9.803485870361328
2002-12-19,9.729081153869629
2002-12-20,9.734807014465332
2002-12-23,9.849267959594727
2002-12-24,9.603180885314941
2002-12-26,9.551678657531738
2002-12-27,9.385703086853027
2002-12-30,9.01943588256836
2002-12-31,8.910694122314453
2003-01-02,9.551678657531738
2003-01-03,9.465824127197266
2003-01-06,9.832100868225098
2003-01-07,9.935111045837402
2003-01-08,9.545948028564453
2003-01-09,9.763421058654785
2003-01-10,9.969450950622559
2003-01-13,9.946562767028809
2003-01-14,10.181200981140137
2003-01-15,9.929390907287598
2003-01-16,9.843547821044922
2003-01-17,9.35136890411377
2003-01-21,9.322752952575684
2003-01-22,9.299860000610352
2003-01-23,9.5402250289917
2003-01-24,9.070940971374512
2003-01-27,9.088109970092773
2003-01-28,9.173954010009766
2003-01-29,9.534499168395996
2003-01-30,9.030879974365234
2003-01-31,8.962202072143555
2003-02-03,9.030879974365234
2003-02-04,8.95075798034668
2003-02-05,8.927837371826172
2003-02-06,8.830422401428223
2003-02-07,8.624130249023438
2003-02-10,8.750192642211914
2003-02-11,8.790305137634277
2003-02-12,8.681434631347656
2003-02-13,8.899185180664062
2003-02-14,9.254464149475098
2003-02-18,9.586824417114258
2003-02-19,9.615477561950684
2003-02-20,9.718618392944336
2003-02-21,9.621209144592285
2003-02-24,9.477948188781738
2003-02-25,9.586824417114258
2003-02-26,9.306037902832031
2003-02-27,9.569633483886719
2003-02-28,9.88480281829834
2003-03-03,9.546708106994629
2003-03-04,9.52379035949707
2003-03-05,9.730082511901855
2003-03-06,9.546708106994629
2003-03-07,9.174240112304688
2003-03-10,9.11120891571045
2003-03-11,9.082555770874023
2003-03-12,9.265926361083984
2003-03-13,9.94210433959961
2003-03-14,9.838956832885742
2003-03-17,10.348954200744629
2003-03-18,10.457831382751465
2003-03-19,10.303110122680664
2003-03-20,10.469291687011719
2003-03-21,10.841763496398926
2003-03-24,10.211429595947266
2003-03-25,10.33749771118164
2003-03-26,10.251541137695312
2003-03-27,10.073899269104004
2003-03-28,9.867606163024902
2003-03-31,9.328958511352539
2003-04-01,9.409184455871582
2003-04-02,10.039519309997559
2003-04-03,10.068168640136719
2003-04-04,9.770193099975586
2003-04-07,9.94210433959961
2003-04-08,9.798846244812012
2003-04-09,9.558170318603516
2003-04-10,9.67277717590332
2003-04-11,9.592551231384277
2003-04-14,9.83322525024414
2003-04-15,9.816038131713867
2003-04-16,10.406256675720215
2003-04-17,10.692771911621094
2003-04-21,10.687047004699707
2003-04-22,10.887613296508789
2003-04-23,11.16265869140625
2003-04-24,10.858955383300781
2003-04-25,10.47502326965332
2003-04-28,10.744349479675293
2003-04-29,10.841763496398926
2003-04-30,10.543785095214844
2003-05-01,10.618281364440918
2003-05-02,10.90479850769043
2003-05-05,10.91053295135498
2003-05-06,11.203086853027344
2003-05-07,11.013789176940918
2003-05-08,10.824491500854492
2003-05-09,11.231764793395996
2003-05-12,11.466958045959473
2003-05-13,11.375178337097168
2003-05-14,11.277656555175781
2003-05-15,11.472692489624023
2003-05-16,11.185877799987793
2003-05-19,10.709757804870605
2003-05-20,10.704021453857422
2003-05-21,10.807281494140625
2003-05-22,10.767123222351074
2003-05-23,10.790067672729492
2003-05-27,11.346494674682617
2003-05-28,11.3235502243042
2003-05-29,11.948811531066895
2003-05-30,11.943077087402344
2003-06-02,11.690678596496582
2003-06-03,12.103697776794434
2003-06-04,12.264310836791992
2003-06-05,12.528181076049805
2003-06-06,12.48228645324707
2003-06-09,12.4306640625
2003-06-10,12.60275650024414
2003-06-11,12.556865692138672
2003-06-12,12.700270652770996
2003-06-13,12.252836227416992
2003-06-16,12.545390129089355
2003-06-17,12.304466247558594
2003-06-18,12.47655963897705
2003-06-19,12.115164756774902
2003-06-20,11.857029914855957
2003-06-23,11.679205894470215
2003-06-24,11.7308349609375
2003-06-25,11.495640754699707
2003-06-26,11.834086418151855
2003-06-27,11.799667358398438
2003-06-30,11.937341690063477
2003-07-01,12.281515121459961
2003-07-02,12.740429878234863
2003-07-03,12.459345817565918
2003-07-07,13.141968727111816
2003-07-08,13.279644966125488
2003-07-09,13.468945503234863
2003-07-10,13.141968727111816
2003-07-11,13.388636589050293
2003-07-14,13.778706550598145
2003-07-15,13.824596405029297
2003-07-16,14.518691062927246
2003-07-17,14.300715446472168
2003-07-18,14.145830154418945
2003-07-21,13.801657676696777
2003-07-22,14.008163452148438
2003-07-23,14.231874465942383
2003-07-24,13.750025749206543
2003-07-25,14.289236068725586
2003-07-28,14.203201293945312
2003-07-29,14.283512115478516
2003-07-30,14.048312187194824
2003-07-31,14.277765274047852
2003-08-01,14.352346420288086
2003-08-04,14.415440559387207
2003-08-05,13.933207511901855
2003-08-06,13.858572959899902
2003-08-07,13.772459030151367
2003-08-08,13.537080764770508
2003-08-11,13.720789909362793
2003-08-12,13.99061107635498
2003-08-13,14.18580150604248
2003-08-14,14.432662963867188
2003-08-15,14.38099193572998
2003-08-18,15.035457611083984
2003-08-19,15.196208953857422
2003-08-20,15.133049964904785
2003-08-21,15.150275230407715
2003-08-22,15.724370956420898
2003-08-25,15.638260841369629
2003-08-26,15.908076286315918
2003-08-27,16.086048126220703
2003-08-28,16.246793746948242
2003-08-29,16.413284301757812
2003-09-02,16.4993896484375
2003-09-03,16.20086669921875
2003-09-04,16.419025421142578
2003-09-05,16.482166290283203
2003-09-08,16.751995086669922
2003-09-09,16.52809715270996
2003-09-10,15.879373550415039
2003-09-11,16.091787338256836
2003-09-12,16.269760131835938
2003-09-15,16.06882095336914
2003-09-16,16.596986770629883
2003-09-17,16.579761505126953
2003-09-18,16.74051284790039
2003-09-19,16.74625015258789
2003-09-22,16.37308120727539
2003-09-23,16.614213943481445
2003-09-24,15.948265075683594
2003-09-25,15.758816719055176
2003-09-26,15.655475616455078
2003-09-29,16.2869815826416
2003-09-30,15.799006462097168
2003-10-01,16.43624496459961
2003-10-02,16.43050193786621
2003-10-03,16.99884605407715
2003-10-06,16.97014045715332
2003-10-07,17.194042205810547
2003-10-08,17.03329849243164
2003-10-09,17.090709686279297
2003-10-10,17.4696044921875
2003-10-13,17.68201446533203
2003-10-14,17.842761993408203
2003-10-15,18.233150482177734
2003-10-16,18.502973556518555
2003-10-17,18.175739288330078
2003-10-20,18.462787628173828
2003-10-21,18.439817428588867
2003-10-22,18.09537124633789
2003-10-23,17.923139572143555
2003-10-24,17.842761993408203
2003-10-27,18.0379638671875
2003-10-28,18.755577087402344
2003-10-29,18.830202102661133
2003-10-30,18.88187599182129
2003-10-31,18.916324615478516
2003-11-03,19.542076110839844
2003-11-04,19.335407257080078
2003-11-05,19.381362915039062
2003-11-06,19.599639892578125
2003-11-07,19.45604133605957
2003-11-10,19.180309295654297
2003-11-11,19.191797256469727
2003-11-12,19.58815574645996
2003-11-13,19.40433692932129
2003-11-14,18.84139060974121
2003-11-17,18.513973236083984
2003-11-18,18.28994369506836
2003-11-19,18.680551528930664
2003-11-20,18.28420066833496
2003-11-21,18.56566619873047
2003-11-24,19.22051239013672
2003-11-25,18.996505737304688
2003-11-26,19.15733528137207
2003-11-28,19.2664737701416
2003-12-01,19.553693771362305
2003-12-02,19.444547653198242
2003-12-03,19.15158462524414
2003-12-04,19.2664737701416
2003-12-05,18.439292907714844
2003-12-08,18.175050735473633
2003-12-09,17.376590728759766
2003-12-10,17.4742431640625
2003-12-11,17.755722045898438
2003-12-12,17.726993560791016
2003-12-15,17.370847702026367
2003-12-16,17.382339477539062
2003-12-17,17.33063507080078
2003-12-18,17.74997329711914
2003-12-19,17.56041145324707
2003-12-22,17.4742431640625
2003-12-23,17.870601654052734
2003-12-24,17.85336685180664
2003-12-26,18.014209747314453
2003-12-29,18.468008041381836
2003-12-30,18.404823303222656
