Date,^IXIC
1998-01-02,1581.530029296875
1998-01-05,1594.1199951171875
1998-01-06,1580.1400146484375
1998-01-07,1561.699951171875
1998-01-08,1555.5400390625
1998-01-09,1503.219970703125
1998-01-12,1507.5799560546875
1998-01-13,1541.6300048828125
1998-01-14,1548.760009765625
1998-01-15,1547.06005859375
1998-01-16,1562.8800048828125
1998-01-20,1590.1400146484375
1998-01-21,1587.9200439453125
1998-01-22,1576.510009765625
1998-01-23,1575.9300537109375
1998-01-26,1561.4599609375
1998-01-27,1578.9000244140625
1998-01-28,1610.8199462890625
1998-01-29,1619.489990234375
1998-01-30,1619.3599853515625
1998-02-02,1652.8900146484375
1998-02-03,1666.3399658203125
1998-02-04,1680.43994140625
1998-02-05,1676.9000244140625
1998-02-06,1694.3499755859375
1998-02-09,1690.4300537109375
1998-02-10,1709.0400390625
1998-02-11,1708.550048828125
1998-02-12,1714.3399658203125
1998-02-13,1710.4200439453125
1998-02-17,1703.4300537109375
1998-02-18,1715.72998046875
1998-02-19,1727.010009765625
1998-02-20,1728.1300048828125
1998-02-23,1751.760009765625
1998-02-24,1738.7099609375
1998-02-25,1766.47998046875
1998-02-26,1777.1099853515625
1998-02-27,1770.510009765625
1998-03-02,1758.5400390625
1998-03-03,1757.1400146484375
1998-03-04,1759.699951171875
1998-03-05,1711.9200439453125
1998-03-06,1753.489990234375
1998-03-09,1725.1600341796875
1998-03-10,1748.510009765625
1998-03-11,1756.8499755859375
1998-03-12,1764.06005859375
1998-03-13,1771.6600341796875
1998-03-16,1788.1800537109375
1998-03-17,1779.300048828125
1998-03-18,1788.280029296875
1998-03-19,1799.97998046875
1998-03-20,1789.1600341796875
1998-03-23,1792.510009765625
1998-03-24,1812.43994140625
1998-03-25,1824.510009765625
1998-03-26,1828.5400390625
1998-03-27,1823.6199951171875
1998-03-30,1818.699951171875
1998-03-31,1835.6800537109375
1998-04-01,1847.6600341796875
1998-04-02,1852.9599609375
1998-04-03,1855.4000244140625
1998-04-06,1829.1400146484375
1998-04-07,1798.7099609375
1998-04-08,1807.010009765625
1998-04-09,1820.239990234375
1998-04-13,1824.949951171875
1998-04-14,1843.030029296875
1998-04-15,1863.260009765625
1998-04-16,1858.239990234375
1998-04-17,1866.5999755859375
1998-04-20,1887.1400146484375
1998-04-21,1903.8699951171875
1998-04-22,1917.6099853515625
1998-04-23,1881.3900146484375
1998-04-24,1868.9599609375
1998-04-27,1820.31005859375
1998-04-28,1831.77001953125
1998-04-29,1851.6400146484375
1998-04-30,1868.4100341796875
1998-05-01,1873.43994140625
1998-05-04,1878.8599853515625
1998-05-05,1864.9100341796875
1998-05-06,1856.6800537109375
1998-05-07,1835.1400146484375
1998-05-08,1864.3699951171875
1998-05-11,1848.0699462890625
1998-05-12,1860.1600341796875
1998-05-13,1866.1800537109375
1998-05-14,1865.3599853515625
1998-05-15,1846.77001953125
1998-05-18,1831.6199951171875
1998-05-19,1845.8699951171875
1998-05-20,1831.75
1998-05-21,1820.989990234375
1998-05-22,1805.0
1998-05-26,1778.0899658203125
1998-05-27,1781.0999755859375
1998-05-28,1794.6199951171875
1998-05-29,1778.8699951171875
1998-06-01,1746.8199462890625
1998-06-02,1761.7900390625
1998-06-03,1742.31005859375
1998-06-04,1769.949951171875
1998-06-05,1782.9200439453125
1998-06-08,1787.77001953125
1998-06-09,1800.760009765625
1998-06-10,1773.25
1998-06-11,1749.75
1998-06-12,1745.050048828125
1998-06-15,1715.75
1998-06-16,1753.1199951171875
1998-06-17,1776.4000244140625
1998-06-18,1772.699951171875
1998-06-19,1781.2900390625
1998-06-22,1805.8199462890625
1998-06-23,1844.5699462890625
1998-06-24,1877.760009765625
1998-06-25,1863.25
1998-06-26,1869.530029296875
1998-06-29,1891.0799560546875
1998-06-30,1894.739990234375
1998-07-01,1914.4599609375
1998-07-02,1894.0
1998-07-06,1909.469970703125
1998-07-07,1908.1099853515625
1998-07-08,1935.3900146484375
1998-07-09,1939.8199462890625
1998-07-10,1943.0400390625
1998-07-13,1965.530029296875
1998-07-14,1968.4100341796875
1998-07-15,1994.5400390625
1998-07-16,2000.56005859375
1998-07-17,2008.760009765625
1998-07-20,2014.25
1998-07-21,1979.1400146484375
1998-07-22,1969.75
1998-07-23,1935.219970703125
1998-07-24,1930.989990234375
1998-07-27,1933.260009765625
1998-07-28,1896.530029296875
1998-07-29,1881.489990234375
1998-07-30,1919.5799560546875
1998-07-31,1872.3900146484375
1998-08-03,1851.0999755859375
1998-08-04,1785.6400146484375
1998-08-05,1788.199951171875
1998-08-06,1829.510009765625
1998-08-07,1846.77001953125
1998-08-10,1839.2099609375
1998-08-11,1792.699951171875
1998-08-12,1825.530029296875
1998-08-13,1802.5400390625
1998-08-14,1790.18994140625
1998-08-17,1818.0400390625
1998-08-18,1855.1199951171875
1998-08-19,1842.68994140625
1998-08-20,1832.449951171875
1998-08-21,1797.6099853515625
1998-08-24,1790.8199462890625
1998-08-25,1798.1700439453125
1998-08-26,1768.1300048828125
1998-08-27,1686.4100341796875
1998-08-28,1639.6800537109375
1998-08-31,1499.25
1998-09-01,1575.0899658203125
1998-09-02,1592.8499755859375
1998-09-03,1571.8599853515625
1998-09-04,1566.52001953125
1998-09-08,1660.8599853515625
1998-09-09,1624.550048828125
1998-09-10,1585.3299560546875
1998-09-11,1641.6400146484375
1998-09-14,1665.68994140625
1998-09-15,1678.1099853515625
1998-09-16,1689.9100341796875
1998-09-17,1646.25
1998-09-18,1663.77001953125
1998-09-21,1680.4300537109375
1998-09-22,1697.800048828125
1998-09-23,1760.27001953125
1998-09-24,1720.3399658203125
1998-09-25,1743.5899658203125
1998-09-28,1739.219970703125
1998-09-29,1734.050048828125
1998-09-30,1693.8399658203125
1998-10-01,1612.3299560546875
1998-10-02,1614.97998046875
1998-10-05,1536.68994140625
1998-10-06,1510.8900146484375
1998-10-07,1462.6099853515625
1998-10-08,1419.1199951171875
1998-10-09,1492.489990234375
1998-10-12,1546.0799560546875
1998-10-13,1509.449951171875
1998-10-14,1540.969970703125
1998-10-15,1611.010009765625
1998-10-16,1620.949951171875
1998-10-19,1648.72998046875
1998-10-20,1639.18994140625
1998-10-21,1674.75
1998-10-22,1702.6400146484375
1998-10-23,1693.8599853515625
1998-10-26,1724.97998046875
1998-10-27,1717.6300048828125
1998-10-28,1737.3499755859375
1998-10-29,1757.18994140625
1998-10-30,1771.3900146484375
1998-11-02,1800.9100341796875
1998-11-03,1788.4300537109375
1998-11-04,1823.5699462890625
1998-11-05,1837.0999755859375
1998-11-06,1856.56005859375
1998-11-09,1861.050048828125
1998-11-10,1865.6199951171875
1998-11-11,1862.1099853515625
1998-11-12,1851.06005859375
1998-11-13,1847.989990234375
1998-11-16,1861.6800537109375
1998-11-17,1878.52001953125
1998-11-18,1897.43994140625
1998-11-19,1919.6800537109375
1998-11-20,1928.2099609375
1998-11-23,1977.4200439453125
1998-11-24,1965.8800048828125
1998-11-25,1985.2099609375
1998-11-27,2016.43994140625
1998-11-30,1949.5400390625
1998-12-01,2003.75
1998-12-02,1995.2099609375
1998-12-03,1954.3299560546875
1998-12-04,2003.1600341796875
1998-12-07,2040.6400146484375
1998-12-08,2034.75
1998-12-09,2050.419921875
1998-12-10,2015.9599609375
1998-12-11,2029.31005859375
1998-12-14,1966.9200439453125
1998-12-15,2012.5999755859375
1998-12-16,2009.3599853515625
1998-12-17,2043.8800048828125
1998-12-18,2086.139892578125
1998-12-21,2138.030029296875
1998-12-22,2120.97998046875
1998-12-23,2172.5400390625
1998-12-24,2163.0400390625
1998-12-28,2180.300048828125
1998-12-29,2181.77001953125
1998-12-30,2166.949951171875
1998-12-31,2192.68994140625
1999-01-04,2208.050048828125
1999-01-05,2251.27001953125
1999-01-06,2320.860107421875
1999-01-07,2326.090087890625
1999-01-08,2344.409912109375
1999-01-11,2384.590087890625
1999-01-12,2320.75
1999-01-13,2316.81005859375
1999-01-14,2276.820068359375
1999-01-15,2348.199951171875
1999-01-19,2408.169921875
1999-01-20,2415.489990234375
1999-01-21,2344.719970703125
1999-01-22,2338.8798828125
1999-01-25,2369.31005859375
1999-01-26,2433.409912109375
1999-01-27,2407.139892578125
1999-01-28,2477.340087890625
1999-01-29,2505.889892578125
1999-02-01,2510.090087890625
1999-02-02,2463.419921875
1999-02-03,2493.409912109375
1999-02-04,2410.070068359375
1999-02-05,2373.6201171875
1999-02-08,2404.919921875
1999-02-09,2310.7900390625
1999-02-10,2309.5
1999-02-11,2405.550048828125
1999-02-12,2321.889892578125
1999-02-16,2313.8701171875
1999-02-17,2248.909912109375
1999-02-18,2260.550048828125
1999-02-19,2283.60009765625
1999-02-22,2342.010009765625
1999-02-23,2376.35009765625
1999-02-24,2339.3798828125
1999-02-25,2326.820068359375
1999-02-26,2288.030029296875
1999-03-01,2295.179931640625
1999-03-02,2259.030029296875
1999-03-03,2265.199951171875
1999-03-04,2292.889892578125
1999-03-05,2337.110107421875
1999-03-08,2397.6201171875
1999-03-09,2392.93994140625
1999-03-10,2406.0
1999-03-11,2412.25
1999-03-12,2381.530029296875
1999-03-15,2431.43994140625
1999-03-16,2439.27001953125
1999-03-17,2428.969970703125
1999-03-18,2462.9599609375
1999-03-19,2421.27001953125
1999-03-22,2395.93994140625
1999-03-23,2322.840087890625
1999-03-24,2365.280029296875
1999-03-25,2434.800048828125
1999-03-26,2419.169921875
1999-03-29,2492.840087890625
1999-03-30,2480.2900390625
1999-03-31,2461.39990234375
1999-04-01,2493.3701171875
1999-04-05,2560.06005859375
1999-04-06,2563.169921875
1999-04-07,2544.429931640625
1999-04-08,2573.389892578125
1999-04-09,2593.050048828125
1999-04-12,2598.81005859375
1999-04-13,2583.5
1999-04-14,2507.280029296875
1999-04-15,2521.77001953125
1999-04-16,2484.0400390625
1999-04-19,2345.610107421875
1999-04-20,2409.639892578125
1999-04-21,2489.080078125
1999-04-22,2561.610107421875
1999-04-23,2590.68994140625
1999-04-26,2652.050048828125
1999-04-27,2602.409912109375
1999-04-28,2550.3701171875
1999-04-29,2528.43994140625
1999-04-30,2542.860107421875
1999-05-03,2535.580078125
1999-05-04,2485.1201171875
1999-05-05,2534.449951171875
1999-05-06,2472.280029296875
1999-05-07,2503.6201171875
1999-05-10,2526.389892578125
1999-05-11,2566.679931640625
1999-05-12,2606.5400390625
1999-05-13,2582.0
1999-05-14,2527.860107421875
1999-05-17,2561.840087890625
1999-05-18,2558.360107421875
1999-05-19,2577.39990234375
1999-05-20,2542.22998046875
1999-05-21,2520.139892578125
1999-05-24,2453.659912109375
1999-05-25,2380.89990234375
1999-05-26,2427.179931640625
1999-05-27,2419.14990234375
1999-05-28,2470.52001953125
1999-06-01,2412.030029296875
1999-06-02,2432.409912109375
1999-06-03,2403.320068359375
1999-06-04,2478.340087890625
1999-06-07,2524.2099609375
1999-06-08,2474.56005859375
1999-06-09,2519.35009765625
1999-06-10,2484.6201171875
1999-06-11,2447.8798828125
1999-06-14,2398.31005859375
1999-06-15,2414.669921875
1999-06-16,2517.830078125
1999-06-17,2544.14990234375
1999-06-18,2563.43994140625
1999-06-21,2630.280029296875
1999-06-22,2580.260009765625
1999-06-23,2598.1201171875
1999-06-24,2553.989990234375
1999-06-25,2552.64990234375
1999-06-28,2602.43994140625
1999-06-29,2642.110107421875
1999-06-30,2686.1201171875
1999-07-01,2706.179931640625
1999-07-02,2741.02001953125
1999-07-06,2736.780029296875
1999-07-07,2743.0400390625
1999-07-08,2771.860107421875
1999-07-09,2793.070068359375
1999-07-12,2790.43994140625
1999-07-13,2778.22998046875
1999-07-14,2818.1298828125
1999-07-15,2839.3701171875
1999-07-16,2864.47998046875
1999-07-19,2830.2900390625
1999-07-20,2732.179931640625
1999-07-21,2761.77001953125
1999-07-22,2684.43994140625
1999-07-23,2692.39990234375
1999-07-26,2619.18994140625
1999-07-27,2679.330078125
1999-07-28,2705.840087890625
1999-07-29,2640.010009765625
1999-07-30,2638.489990234375
1999-08-02,2623.6298828125
1999-08-03,2587.989990234375
1999-08-04,2540.0
1999-08-05,2565.830078125
1999-08-06,2547.969970703125
1999-08-09,2518.97998046875
1999-08-10,2490.110107421875
1999-08-11,2564.97998046875
1999-08-12,2549.489990234375
1999-08-13,2637.81005859375
1999-08-16,2645.280029296875
1999-08-17,2671.22998046875
1999-08-18,2657.72998046875
1999-08-19,2621.429931640625
1999-08-20,2648.330078125
1999-08-23,2719.570068359375
1999-08-24,2752.3701171875
1999-08-25,2805.60009765625
1999-08-26,2774.6201171875
1999-08-27,2758.89990234375
1999-08-30,2712.68994140625
1999-08-31,2739.35009765625
1999-09-01,2750.800048828125
1999-09-02,2734.239990234375
1999-09-03,2843.110107421875
1999-09-07,2837.260009765625
1999-09-08,2808.739990234375
1999-09-09,2852.02001953125
1999-09-10,2887.06005859375
1999-09-13,2844.77001953125
1999-09-14,2868.2900390625
1999-09-15,2814.169921875
1999-09-16,2806.719970703125
1999-09-17,2869.6201171875
1999-09-20,2886.14990234375
1999-09-21,2821.10009765625
1999-09-22,2858.159912109375
1999-09-23,2749.830078125
1999-09-24,2740.409912109375
1999-09-27,2761.75
1999-09-28,2756.25
1999-09-29,2730.27001953125
1999-09-30,2746.159912109375
1999-10-01,2736.85009765625
1999-10-04,2795.969970703125
1999-10-05,2799.669921875
1999-10-06,2857.2099609375
1999-10-07,2860.699951171875
1999-10-08,2886.570068359375
1999-10-11,2915.949951171875
1999-10-12,2872.429931640625
1999-10-13,2801.27001953125
1999-10-14,2806.840087890625
1999-10-15,2731.830078125
1999-10-18,2689.14990234375
1999-10-19,2688.179931640625
1999-10-20,2788.1298828125
1999-10-21,2801.949951171875
1999-10-22,2816.52001953125
1999-10-25,2815.949951171875
1999-10-26,2811.469970703125
1999-10-27,2802.52001953125
1999-10-28,2875.219970703125
1999-10-29,2966.429931640625
1999-11-01,2967.64990234375
1999-11-02,2981.6298828125
1999-11-03,3028.510009765625
1999-11-04,3055.949951171875
1999-11-05,3102.2900390625
1999-11-08,3143.969970703125
1999-11-09,3125.0400390625
1999-11-10,3155.9599609375
1999-11-11,3197.2900390625
1999-11-12,3221.14990234375
1999-11-15,3219.5400390625
1999-11-16,3295.52001953125
1999-11-17,3269.389892578125
1999-11-18,3347.110107421875
1999-11-19,3369.25
1999-11-22,3392.56005859375
1999-11-23,3342.8701171875
1999-11-24,3420.5
1999-11-26,3447.81005859375
1999-11-29,3421.3701171875
1999-11-30,3336.159912109375
1999-12-01,3353.7099609375
1999-12-02,3452.780029296875
1999-12-03,3520.6298828125
1999-12-06,3546.010009765625
1999-12-07,3586.919921875
1999-12-08,3586.080078125
1999-12-09,3594.169921875
1999-12-10,3620.239990234375
1999-12-13,3658.169921875
1999-12-14,3571.659912109375
1999-12-15,3621.949951171875
1999-12-16,3715.06005859375
1999-12-17,3753.06005859375
1999-12-20,3783.8701171875
1999-12-21,3911.14990234375
1999-12-22,3937.300048828125
1999-12-23,3969.43994140625
1999-12-27,3975.3798828125
1999-12-28,3972.110107421875
1999-12-29,4041.4599609375
1999-12-30,4036.8701171875
1999-12-31,4069.31005859375
2000-01-03,4131.14990234375
2000-01-04,3901.68994140625
2000-01-05,3877.5400390625
2000-01-06,3727.1298828125
2000-01-07,3882.6201171875
2000-01-10,4049.669921875
2000-01-11,3921.18994140625
2000-01-12,3850.02001953125
2000-01-13,3957.2099609375
2000-01-14,4064.27001953125
2000-01-18,4130.81005859375
2000-01-19,4151.2900390625
2000-01-20,4189.509765625
2000-01-21,4235.39990234375
2000-01-24,4096.080078125
2000-01-25,4167.41015625
2000-01-26,4069.909912109375
2000-01-27,4039.56005859375
2000-01-28,3887.070068359375
2000-01-31,3940.35009765625
2000-02-01,4051.97998046875
2000-02-02,4073.9599609375
2000-02-03,4210.97998046875
2000-02-04,4244.14013671875
2000-02-07,4321.77001953125
2000-02-08,4427.5
2000-02-09,4363.240234375
2000-02-10,4485.6298828125
2000-02-11,4395.4501953125
2000-02-14,4418.5498046875
2000-02-15,4420.77001953125
2000-02-16,4427.64990234375
2000-02-17,4548.919921875
2000-02-18,4411.740234375
2000-02-22,4382.1201171875
2000-02-23,4550.330078125
2000-02-24,4617.64990234375
2000-02-25,4590.5
2000-02-28,4577.85009765625
2000-02-29,4696.68994140625
2000-03-01,4784.080078125
2000-03-02,4754.509765625
2000-03-03,4914.7900390625
2000-03-06,4904.85009765625
2000-03-07,4847.83984375
2000-03-08,4897.259765625
2000-03-09,5046.85986328125
2000-03-10,5048.6201171875
2000-03-13,4907.240234375
2000-03-14,4706.6298828125
2000-03-15,4582.6201171875
2000-03-16,4717.39013671875
2000-03-17,4798.1298828125
2000-03-20,4610.0
2000-03-21,4711.68017578125
2000-03-22,4864.75
2000-03-23,4940.60986328125
2000-03-24,4963.02978515625
2000-03-27,4958.56005859375
2000-03-28,4833.89013671875
2000-03-29,4644.669921875
2000-03-30,4457.89013671875
2000-03-31,4572.830078125
2000-04-03,4223.68017578125
2000-04-04,4148.89013671875
2000-04-05,4169.22021484375
2000-04-06,4267.56005859375
2000-04-07,4446.4501953125
2000-04-10,4188.2001953125
2000-04-11,4055.89990234375
2000-04-12,3769.6298828125
2000-04-13,3676.780029296875
2000-04-14,3321.2900390625
2000-04-17,3539.159912109375
2000-04-18,3793.570068359375
2000-04-19,3706.409912109375
2000-04-20,3643.8798828125
2000-04-24,3482.47998046875
2000-04-25,3711.22998046875
2000-04-26,3630.090087890625
2000-04-27,3774.030029296875
2000-04-28,3860.659912109375
2000-05-01,3958.080078125
2000-05-02,3785.449951171875
2000-05-03,3707.31005859375
2000-05-04,3720.239990234375
2000-05-05,3816.820068359375
2000-05-08,3669.3798828125
2000-05-09,3585.010009765625
2000-05-10,3384.72998046875
2000-05-11,3499.580078125
2000-05-12,3529.06005859375
2000-05-15,3607.64990234375
2000-05-16,3717.570068359375
2000-05-17,3644.9599609375
2000-05-18,3538.7099609375
2000-05-19,3390.39990234375
2000-05-22,3364.2099609375
2000-05-23,3164.550048828125
2000-05-24,3270.610107421875
2000-05-25,3205.35009765625
2000-05-26,3205.110107421875
2000-05-30,3459.47998046875
2000-05-31,3400.909912109375
2000-06-01,3582.5
2000-06-02,3813.3798828125
2000-06-05,3821.760009765625
2000-06-06,3756.3701171875
2000-06-07,3839.260009765625
2000-06-08,3825.56005859375
2000-06-09,3874.840087890625
2000-06-12,3767.909912109375
2000-06-13,3851.06005859375
2000-06-14,3797.409912109375
2000-06-15,3845.739990234375
2000-06-16,3860.56005859375
2000-06-19,3989.830078125
2000-06-20,4013.360107421875
2000-06-21,4064.010009765625
2000-06-22,3936.840087890625
2000-06-23,3845.340087890625
2000-06-26,3912.1201171875
2000-06-27,3858.9599609375
2000-06-28,3940.340087890625
2000-06-29,3877.22998046875
2000-06-30,3966.110107421875
2000-07-03,3991.929931640625
2000-07-05,3863.10009765625
2000-07-06,3960.570068359375
2000-07-07,4023.199951171875
2000-07-10,3980.2900390625
2000-07-11,3956.419921875
2000-07-12,4099.58984375
2000-07-13,4174.85986328125
2000-07-14,4246.18017578125
2000-07-17,4274.669921875
2000-07-18,4177.169921875
2000-07-19,4055.6298828125
2000-07-20,4184.56005859375
2000-07-21,4094.449951171875
2000-07-24,3981.570068359375
2000-07-25,4029.570068359375
2000-07-26,3987.719970703125
2000-07-27,3842.22998046875
2000-07-28,3663.0
2000-07-31,3766.989990234375
2000-08-01,3685.52001953125
2000-08-02,3658.4599609375
2000-08-03,3759.8798828125
2000-08-04,3787.360107421875
2000-08-07,3862.989990234375
2000-08-08,3848.550048828125
2000-08-09,3853.5
2000-08-10,3759.989990234375
2000-08-11,3789.469970703125
2000-08-14,3849.68994140625
2000-08-15,3851.659912109375
2000-08-16,3861.199951171875
2000-08-17,3940.8701171875
2000-08-18,3930.340087890625
2000-08-21,3953.14990234375
2000-08-22,3958.2099609375
2000-08-23,4011.010009765625
2000-08-24,4053.280029296875
2000-08-25,4042.679931640625
2000-08-28,4070.590087890625
2000-08-29,4082.169921875
2000-08-30,4103.81005859375
2000-08-31,4206.35009765625
2000-09-01,4234.330078125
2000-09-05,4143.18017578125
2000-09-06,4013.340087890625
2000-09-07,4098.35009765625
2000-09-08,3978.409912109375
2000-09-11,3896.35009765625
2000-09-12,3849.510009765625
2000-09-13,3893.889892578125
2000-09-14,3913.860107421875
2000-09-15,3835.22998046875
2000-09-18,3726.52001953125
2000-09-19,3865.639892578125
2000-09-20,3897.43994140625
2000-09-21,3828.8701171875
2000-09-22,3803.760009765625
2000-09-25,3741.219970703125
2000-09-26,3689.10009765625
2000-09-27,3656.300048828125
2000-09-28,3778.320068359375
2000-09-29,3672.820068359375
2000-10-02,3568.89990234375
2000-10-03,3455.830078125
2000-10-04,3523.10009765625
2000-10-05,3472.10009765625
2000-10-06,3361.010009765625
2000-10-09,3355.56005859375
2000-10-10,3240.5400390625
2000-10-11,3168.489990234375
2000-10-12,3074.679931640625
2000-10-13,3316.77001953125
2000-10-16,3290.280029296875
2000-10-17,3213.9599609375
2000-10-18,3171.56005859375
2000-10-19,3418.60009765625
2000-10-20,3483.139892578125
2000-10-23,3468.68994140625
2000-10-24,3419.7900390625
2000-10-25,3229.570068359375
2000-10-26,3272.179931640625
2000-10-27,3278.360107421875
2000-10-30,3191.39990234375
2000-10-31,3369.6298828125
2000-11-01,3333.389892578125
2000-11-02,3429.02001953125
2000-11-03,3451.580078125
2000-11-06,3416.2099609375
2000-11-07,3415.7900390625
2000-11-08,3231.699951171875
2000-11-09,3200.35009765625
2000-11-10,3028.989990234375
2000-11-13,2966.719970703125
2000-11-14,3138.27001953125
2000-11-15,3165.489990234375
2000-11-16,3031.8798828125
2000-11-17,3027.18994140625
2000-11-20,2875.639892578125
2000-11-21,2871.449951171875
2000-11-22,2755.340087890625
2000-11-24,2904.3798828125
2000-11-27,2880.489990234375
2000-11-28,2734.97998046875
2000-11-29,2706.929931640625
2000-11-30,2597.929931640625
2000-12-01,2645.2900390625
2000-12-04,2615.75
2000-12-05,2889.800048828125
2000-12-06,2796.5
2000-12-07,2752.659912109375
2000-12-08,2917.429931640625
2000-12-11,3015.10009765625
2000-12-12,2931.77001953125
2000-12-13,2822.77001953125
2000-12-14,2728.510009765625
2000-12-15,2653.27001953125
2000-12-18,2624.52001953125
2000-12-19,2511.7099609375
2000-12-20,2332.780029296875
2000-12-21,2340.1201171875
2000-12-22,2517.02001953125
2000-12-26,2493.52001953125
2000-12-27,2539.35009765625
2000-12-28,2557.760009765625
2000-12-29,2470.52001953125
2001-01-02,2291.860107421875
2001-01-03,2616.68994140625
2001-01-04,2566.830078125
2001-01-05,2407.64990234375
2001-01-08,2395.919921875
2001-01-09,2441.300048828125
2001-01-10,2524.179931640625
2001-01-11,2640.570068359375
2001-01-12,2626.5
2001-01-16,2618.550048828125
2001-01-17,2682.780029296875
2001-01-18,2768.489990234375
2001-01-19,2770.3798828125
2001-01-22,2757.909912109375
2001-01-23,2840.389892578125
2001-01-24,2859.14990234375
2001-01-25,2754.280029296875
2001-01-26,2781.300048828125
2001-01-29,2838.340087890625
2001-01-30,2838.35009765625
2001-01-31,2772.72998046875
2001-02-01,2782.7900390625
2001-02-02,2660.5
2001-02-05,2643.2099609375
2001-02-06,2664.489990234375
2001-02-07,2607.820068359375
2001-02-08,2562.06005859375
2001-02-09,2470.969970703125
2001-02-12,2489.659912109375
2001-02-13,2427.719970703125
2001-02-14,2491.39990234375
2001-02-15,2552.909912109375
2001-02-16,2425.3798828125
2001-02-20,2318.35009765625
2001-02-21,2268.93994140625
2001-02-22,2244.9599609375
2001-02-23,2262.510009765625
2001-02-26,2308.5
2001-02-27,2207.820068359375
2001-02-28,2151.830078125
2001-03-01,2183.3701171875
2001-03-02,2117.6298828125
2001-03-05,2142.919921875
2001-03-06,2204.429931640625
2001-03-07,2223.919921875
2001-03-08,2168.72998046875
2001-03-09,2052.780029296875
2001-03-12,1923.3800048828125
2001-03-13,2014.780029296875
2001-03-14,1972.0899658203125
2001-03-15,1940.7099609375
2001-03-16,1890.9100341796875
2001-03-19,1951.1800537109375
2001-03-20,1857.43994140625
2001-03-21,1830.22998046875
2001-03-22,1897.699951171875
2001-03-23,1928.6800537109375
2001-03-26,1918.489990234375
2001-03-27,1972.22998046875
2001-03-28,1854.1300048828125
2001-03-29,1820.5699462890625
2001-03-30,1840.260009765625
2001-04-02,1782.969970703125
2001-04-03,1673.0
2001-04-04,1638.800048828125
2001-04-05,1785.0
2001-04-06,1720.3599853515625
2001-04-09,1745.7099609375
2001-04-10,1852.030029296875
2001-04-11,1898.949951171875
2001-04-12,1961.4300537109375
2001-04-16,1909.5699462890625
2001-04-17,1923.219970703125
2001-04-18,2079.43994140625
2001-04-19,2182.139892578125
2001-04-20,2163.409912109375
2001-04-23,2059.320068359375
2001-04-24,2016.6099853515625
2001-04-25,2059.800048828125
2001-04-26,2034.8800048828125
2001-04-27,2075.679931640625
2001-04-30,2116.239990234375
2001-05-01,2168.239990234375
2001-05-02,2220.60009765625
2001-05-03,2146.199951171875
2001-05-04,2191.530029296875
2001-05-07,2173.570068359375
2001-05-08,2198.77001953125
2001-05-09,2156.6298828125
2001-05-10,2128.860107421875
2001-05-11,2107.429931640625
2001-05-14,2081.919921875
2001-05-15,2085.580078125
2001-05-16,2166.43994140625
2001-05-17,2193.679931640625
2001-05-18,2198.8798828125
2001-05-21,2305.590087890625
2001-05-22,2313.85009765625
2001-05-23,2243.47998046875
2001-05-24,2282.02001953125
2001-05-25,2251.030029296875
2001-05-29,2175.5400390625
2001-05-30,2084.5
2001-05-31,2110.489990234375
2001-06-01,2149.43994140625
2001-06-04,2155.929931640625
2001-06-05,2233.659912109375
2001-06-06,2217.72998046875
2001-06-07,2264.0
2001-06-08,2215.10009765625
2001-06-11,2170.780029296875
2001-06-12,2169.949951171875
2001-06-13,2121.659912109375
2001-06-14,2044.0699462890625
2001-06-15,2028.4300537109375
2001-06-18,1988.6300048828125
2001-06-19,1992.6600341796875
2001-06-20,2031.239990234375
2001-06-21,2058.760009765625
2001-06-22,2034.8399658203125
2001-06-25,2050.8701171875
2001-06-26,2064.6201171875
2001-06-27,2074.739990234375
2001-06-28,2125.4599609375
2001-06-29,2160.5400390625
2001-07-02,2148.719970703125
2001-07-03,2140.800048828125
2001-07-05,2080.110107421875
2001-07-06,2004.1600341796875
2001-07-09,2026.7099609375
2001-07-10,1962.7900390625
2001-07-11,1972.0400390625
2001-07-12,2075.739990234375
2001-07-13,2084.7900390625
2001-07-16,2029.1199951171875
2001-07-17,2067.320068359375
2001-07-18,2016.1700439453125
2001-07-19,2046.5899658203125
2001-07-20,2029.3699951171875
2001-07-23,1988.56005859375
2001-07-24,1959.239990234375
2001-07-25,1984.3199462890625
2001-07-26,2022.9599609375
2001-07-27,2029.0699462890625
2001-07-30,2017.8399658203125
2001-07-31,2027.1300048828125
2001-08-01,2068.3798828125
2001-08-02,2087.3798828125
2001-08-03,2066.330078125
2001-08-06,2034.260009765625
2001-08-07,2027.7900390625
2001-08-08,1966.3599853515625
2001-08-09,1963.3199462890625
2001-08-10,1956.469970703125
2001-08-13,1982.25
2001-08-14,1964.530029296875
2001-08-15,1918.8900146484375
2001-08-16,1930.3199462890625
2001-08-17,1867.010009765625
2001-08-20,1881.3499755859375
2001-08-21,1831.300048828125
2001-08-22,1860.010009765625
2001-08-23,1842.969970703125
2001-08-24,1916.800048828125
2001-08-27,1912.4100341796875
2001-08-28,1864.97998046875
2001-08-29,1843.1700439453125
2001-08-30,1791.6800537109375
2001-08-31,1805.4300537109375
2001-09-04,1770.780029296875
2001-09-05,1759.010009765625
2001-09-06,1705.6400146484375
2001-09-07,1687.699951171875
2001-09-10,1695.3800048828125
2001-09-17,1579.550048828125
2001-09-18,1555.0799560546875
2001-09-19,1527.800048828125
2001-09-20,1470.9300537109375
2001-09-21,1423.18994140625
2001-09-24,1499.4000244140625
2001-09-25,1501.6400146484375
2001-09-26,1464.0400390625
2001-09-27,1460.7099609375
2001-09-28,1498.800048828125
2001-10-01,1480.4599609375
2001-10-02,1492.3299560546875
2001-10-03,1580.81005859375
2001-10-04,1597.31005859375
2001-10-05,1605.300048828125
2001-10-08,1605.949951171875
2001-10-09,1570.18994140625
2001-10-10,1626.260009765625
2001-10-11,1701.469970703125
2001-10-12,1703.4000244140625
2001-10-15,1696.31005859375
2001-10-16,1722.0699462890625
2001-10-17,1646.3399658203125
2001-10-18,1652.719970703125
2001-10-19,1671.31005859375
2001-10-22,1708.0799560546875
2001-10-23,1704.43994140625
2001-10-24,1731.5400390625
2001-10-25,1775.469970703125
2001-10-26,1768.9599609375
2001-10-29,1699.52001953125
2001-10-30,1667.4100341796875
2001-10-31,1690.199951171875
2001-11-01,1746.300048828125
2001-11-02,1745.72998046875
2001-11-05,1793.6500244140625
2001-11-06,1835.0799560546875
2001-11-07,1837.530029296875
2001-11-08,1827.77001953125
2001-11-09,1828.47998046875
2001-11-12,1840.1300048828125
2001-11-13,1892.1099853515625
2001-11-14,1903.18994140625
2001-11-15,1900.5699462890625
2001-11-16,1898.5799560546875
2001-11-19,1934.4200439453125
2001-11-20,1880.510009765625
2001-11-21,1875.050048828125
2001-11-23,1903.199951171875
2001-11-26,1941.22998046875
2001-11-27,1935.969970703125
2001-11-28,1887.969970703125
2001-11-29,1933.260009765625
2001-11-30,1930.5799560546875
2001-12-03,1904.9000244140625
2001-12-04,1963.0999755859375
2001-12-05,2046.8399658203125
2001-12-06,2054.27001953125
2001-12-07,2021.260009765625
2001-12-10,1992.1199951171875
2001-12-11,2001.9300537109375
2001-12-12,2011.3800048828125
2001-12-13,1946.510009765625
2001-12-14,1953.1700439453125
2001-12-17,1987.449951171875
2001-12-18,2004.760009765625
2001-12-19,1982.8900146484375
2001-12-20,1918.5400390625
2001-12-21,1945.8299560546875
2001-12-24,1944.47998046875
2001-12-26,1960.699951171875
2001-12-27,1976.4200439453125
2001-12-28,1987.260009765625
2001-12-31,1950.4000244140625
2002-01-02,1979.25
2002-01-03,2044.27001953125
2002-01-04,2059.3798828125
2002-01-07,2037.0999755859375
2002-01-08,2055.739990234375
2002-01-09,2044.8900146484375
2002-01-10,2047.239990234375
2002-01-11,2022.4599609375
2002-01-14,1990.739990234375
2002-01-15,2000.9100341796875
2002-01-16,1944.43994140625
2002-01-17,1985.8199462890625
2002-01-18,1930.3399658203125
2002-01-22,1882.530029296875
2002-01-23,1922.3800048828125
2002-01-24,1942.5799560546875
2002-01-25,1937.699951171875
2002-01-28,1943.9100341796875
2002-01-29,1892.989990234375
2002-01-30,1913.43994140625
2002-01-31,1934.030029296875
2002-02-01,1911.239990234375
2002-02-04,1855.530029296875
2002-02-05,1838.52001953125
2002-02-06,1812.7099609375
2002-02-07,1782.1099853515625
2002-02-08,1818.8800048828125
2002-02-11,1846.6600341796875
2002-02-12,1834.2099609375
2002-02-13,1859.1600341796875
2002-02-14,1843.3699951171875
2002-02-15,1805.199951171875
2002-02-19,1750.6099853515625
2002-02-20,1775.5699462890625
2002-02-21,1716.239990234375
2002-02-22,1724.5400390625
2002-02-25,1769.8800048828125
2002-02-26,1766.8599853515625
2002-02-27,1751.8800048828125
2002-02-28,1731.489990234375
2002-03-01,1802.739990234375
2002-03-04,1859.3199462890625
2002-03-05,1866.2900390625
2002-03-06,1890.4000244140625
2002-03-07,1881.6300048828125
2002-03-08,1929.6700439453125
2002-03-11,1929.489990234375
2002-03-12,1897.1199951171875
2002-03-13,1862.030029296875
2002-03-14,1854.1400146484375
2002-03-15,1868.300048828125
2002-03-18,1877.06005859375
2002-03-19,1880.8699951171875
2002-03-20,1832.8699951171875
2002-03-21,1868.8299560546875
2002-03-22,1851.3900146484375
2002-03-25,1812.489990234375
2002-03-26,1824.1700439453125
2002-03-27,1826.75
2002-03-28,1845.3499755859375
2002-04-01,1862.6199951171875
2002-04-02,1804.4000244140625
2002-04-03,1784.3499755859375
2002-04-04,1789.75
2002-04-05,1770.030029296875
2002-04-08,1785.8699951171875
2002-04-09,1742.5699462890625
2002-04-10,1767.0699462890625
2002-04-11,1725.239990234375
2002-04-12,1756.18994140625
2002-04-15,1753.780029296875
2002-04-16,1816.7900390625
2002-04-17,1810.6700439453125
2002-04-18,1802.4300537109375
2002-04-19,1796.8299560546875
2002-04-22,1758.6800537109375
2002-04-23,1730.2900390625
2002-04-24,1713.3399658203125
2002-04-25,1713.699951171875
2002-04-26,1663.8900146484375
2002-04-29,1656.9300537109375
2002-04-30,1688.22998046875
2002-05-01,1677.530029296875
2002-05-02,1644.8199462890625
2002-05-03,1613.030029296875
2002-05-06,1578.47998046875
2002-05-07,1573.8199462890625
2002-05-08,1696.2900390625
2002-05-09,1650.489990234375
2002-05-10,1600.8499755859375
2002-05-13,1652.5400390625
2002-05-14,1719.050048828125
2002-05-15,1725.56005859375
2002-05-16,1730.43994140625
2002-05-17,1741.3900146484375
2002-05-20,1701.5899658203125
2002-05-21,1664.1800537109375
2002-05-22,1673.449951171875
2002-05-23,1697.6300048828125
2002-05-24,1661.489990234375
2002-05-28,1652.1700439453125
2002-05-29,1624.3900146484375
2002-05-30,1631.9200439453125
2002-05-31,1615.72998046875
2002-06-03,1562.56005859375
2002-06-04,1578.1199951171875
2002-06-05,1595.260009765625
2002-06-06,1554.8800048828125
2002-06-07,1535.47998046875
2002-06-10,1530.68994140625
2002-06-11,1497.1800537109375
2002-06-12,1519.1199951171875
2002-06-13,1496.8800048828125
2002-06-14,1504.739990234375
2002-06-17,1553.2900390625
2002-06-18,1542.9599609375
2002-06-19,1496.8299560546875
2002-06-20,1464.75
2002-06-21,1440.9599609375
2002-06-24,1460.3399658203125
2002-06-25,1423.989990234375
2002-06-26,1429.3299560546875
2002-06-27,1459.199951171875
2002-06-28,1463.2099609375
2002-07-01,1403.800048828125
2002-07-02,1357.8199462890625
2002-07-03,1380.1700439453125
2002-07-05,1448.3599853515625
2002-07-08,1405.6099853515625
2002-07-09,1381.1199951171875
2002-07-10,1346.010009765625
2002-07-11,1374.4300537109375
2002-07-12,1373.5
2002-07-15,1382.6199951171875
2002-07-16,1375.260009765625
2002-07-17,1397.25
2002-07-18,1356.949951171875
2002-07-19,1319.1500244140625
2002-07-22,1282.6500244140625
2002-07-23,1229.050048828125
2002-07-24,1290.22998046875
2002-07-25,1240.0799560546875
2002-07-26,1262.1199951171875
2002-07-29,1335.25
2002-07-30,1344.18994140625
2002-07-31,1328.260009765625
2002-08-01,1280.0
2002-08-02,1247.9200439453125
2002-08-05,1206.010009765625
2002-08-06,1259.550048828125
2002-08-07,1280.9000244140625
2002-08-08,1316.52001953125
2002-08-09,1306.1199951171875
2002-08-12,1306.8399658203125
2002-08-13,1269.280029296875
2002-08-14,1334.300048828125
2002-08-15,1345.010009765625
2002-08-16,1361.010009765625
2002-08-19,1394.5400390625
2002-08-20,1376.5899658203125
2002-08-21,1409.25
2002-08-22,1422.949951171875
2002-08-23,1380.6199951171875
2002-08-26,1391.739990234375
2002-08-27,1347.780029296875
2002-08-28,1314.3800048828125
2002-08-29,1335.77001953125
2002-08-30,1314.8499755859375
2002-09-03,1263.8399658203125
2002-09-04,1292.31005859375
2002-09-05,1251.0
2002-09-06,1295.300048828125
2002-09-09,1304.5999755859375
2002-09-10,1320.0899658203125
2002-09-11,1315.449951171875
2002-09-12,1279.6800537109375
2002-09-13,1291.4000244140625
2002-09-16,1275.8800048828125
2002-09-17,1259.93994140625
2002-09-18,1252.1300048828125
2002-09-19,1216.449951171875
2002-09-20,1221.0899658203125
2002-09-23,1184.9300537109375
2002-09-24,1182.1700439453125
2002-09-25,1222.2900390625
2002-09-26,1221.6099853515625
2002-09-27,1199.1600341796875
2002-09-30,1172.06005859375
2002-10-01,1213.719970703125
2002-10-02,1187.300048828125
2002-10-03,1165.56005859375
2002-10-04,1139.9000244140625
2002-10-07,1119.4000244140625
2002-10-08,1129.219970703125
2002-10-09,1114.1099853515625
2002-10-10,1163.3699951171875
2002-10-11,1210.469970703125
2002-10-14,1220.530029296875
2002-10-15,1282.43994140625
2002-10-16,1232.4200439453125
2002-10-17,1272.2900390625
2002-10-18,1287.8599853515625
2002-10-21,1309.6700439453125
2002-10-22,1292.800048828125
2002-10-23,1320.22998046875
2002-10-24,1298.7099609375
2002-10-25,1331.1300048828125
2002-10-28,1315.8299560546875
2002-10-29,1300.5400390625
2002-10-30,1326.72998046875
2002-10-31,1329.75
2002-11-01,1360.699951171875
2002-11-04,1396.5400390625
2002-11-05,1401.1700439453125
2002-11-06,1418.989990234375
2002-11-07,1376.7099609375
2002-11-08,1359.280029296875
2002-11-11,1319.18994140625
2002-11-12,1349.56005859375
2002-11-13,1361.3299560546875
2002-11-14,1411.52001953125
2002-11-15,1411.1400146484375
2002-11-18,1393.68994140625
2002-11-19,1374.510009765625
2002-11-20,1419.3499755859375
2002-11-21,1467.550048828125
2002-11-22,1468.739990234375
2002-11-25,1481.9000244140625
2002-11-26,1444.4300537109375
2002-11-27,1487.93994140625
2002-11-29,1478.780029296875
2002-12-02,1484.780029296875
2002-12-03,1448.9599609375
2002-12-04,1430.3499755859375
2002-12-05,1410.75
2002-12-06,1422.43994140625
2002-12-09,1367.1400146484375
2002-12-10,1390.760009765625
2002-12-11,1396.5899658203125
2002-12-12,1399.550048828125
2002-12-13,1362.4200439453125
2002-12-16,1400.3299560546875
2002-12-17,1392.050048828125
2002-12-18,1361.510009765625
2002-12-19,1354.0999755859375
2002-12-20,1363.050048828125
2002-12-23,1381.68994140625
2002-12-24,1372.469970703125
2002-12-26,1367.8900146484375
2002-12-27,1348.31005859375
2002-12-30,1339.5400390625
2002-12-31,1335.510009765625
2003-01-02,1384.8499755859375
2003-01-03,1387.0799560546875
2003-01-06,1421.3199462890625
2003-01-07,1431.5699462890625
2003-01-08,1401.0699462890625
2003-01-09,1438.4599609375
2003-01-10,1447.719970703125
2003-01-13,1446.0400390625
2003-01-14,1460.989990234375
2003-01-15,1438.800048828125
2003-01-16,1423.75
2003-01-17,1376.18994140625
2003-01-21,1364.25
2003-01-22,1359.47998046875
2003-01-23,1388.27001953125
2003-01-24,1342.1400146484375
2003-01-27,1325.27001953125
2003-01-28,1342.1800537109375
2003-01-29,1358.06005859375
2003-01-30,1322.3499755859375
2003-01-31,1320.9100341796875
2003-02-03,1323.7900390625
2003-02-04,1306.1500244140625
2003-02-05,1301.5
2003-02-06,1301.72998046875
2003-02-07,1282.469970703125
2003-02-10,1296.6800537109375
2003-02-11,1295.4599609375
2003-02-12,1278.969970703125
2003-02-13,1277.43994140625
2003-02-14,1310.1700439453125
2003-02-18,1346.5400390625
2003-02-19,1334.3199462890625
2003-02-20,1331.22998046875
2003-02-21,1349.02001953125
2003-02-24,1322.3800048828125
2003-02-25,1328.97998046875
2003-02-26,1303.6800537109375
2003-02-27,1323.93994140625
2003-02-28,1337.52001953125
2003-03-03,1320.2900390625
2003-03-04,1307.77001953125
2003-03-05,1314.4000244140625
2003-03-06,1302.8900146484375
2003-03-07,1305.2900390625
2003-03-10,1278.3699951171875
2003-03-11,1271.469970703125
2003-03-12,1279.239990234375
2003-03-13,1340.77001953125
2003-03-14,1340.3299560546875
2003-03-17,1392.27001953125
2003-03-18,1400.550048828125
2003-03-19,1397.0699462890625
2003-03-20,1402.77001953125
2003-03-21,1421.8399658203125
2003-03-24,1369.780029296875
2003-03-25,1391.010009765625
2003-03-26,1387.449951171875
2003-03-27,1384.25
2003-03-28,1369.5999755859375
2003-03-31,1341.1700439453125
2003-04-01,1348.300048828125
2003-04-02,1396.719970703125
2003-04-03,1396.5799560546875
2003-04-04,1383.510009765625
2003-04-07,1389.510009765625
2003-04-08,1382.93994140625
2003-04-09,1356.739990234375
2003-04-10,1365.6099853515625
2003-04-11,1358.8499755859375
2003-04-14,1384.949951171875
2003-04-15,1391.010009765625
2003-04-16,1394.719970703125
2003-04-17,1425.5
2003-04-21,1424.3699951171875
2003-04-22,1451.3599853515625
2003-04-23,1466.1600341796875
2003-04-24,1457.22998046875
2003-04-25,1434.5400390625
2003-04-28,1462.239990234375
2003-04-29,1471.300048828125
2003-04-30,1464.31005859375
2003-05-01,1472.56005859375
2003-05-02,1502.8800048828125
2003-05-05,1504.0400390625
2003-05-06,1523.7099609375
2003-05-07,1506.760009765625
2003-05-08,1489.68994140625
2003-05-09,1520.1500244140625
2003-05-12,1541.4000244140625
2003-05-13,1539.6800537109375
2003-05-14,1534.9000244140625
2003-05-15,1551.3800048828125
2003-05-16,1538.530029296875
2003-05-19,1492.77001953125
2003-05-20,1491.0899658203125
2003-05-21,1489.8699951171875
2003-05-22,1507.550048828125
2003-05-23,1510.0899658203125
2003-05-27,1556.68994140625
2003-05-28,1563.239990234375
2003-05-29,1574.949951171875
2003-05-30,1595.9100341796875
2003-06-02,1590.75
2003-06-03,1603.56005859375
2003-06-04,1634.6500244140625
2003-06-05,1646.010009765625
2003-06-06,1627.4200439453125
2003-06-09,1603.969970703125
2003-06-10,1627.6700439453125
2003-06-11,1646.02001953125
2003-06-12,1653.6199951171875
2003-06-13,1626.489990234375
2003-06-16,1666.5799560546875
2003-06-17,1668.43994140625
2003-06-18,1677.1400146484375
2003-06-19,1648.6400146484375
2003-06-20,1644.719970703125
2003-06-23,1610.75
2003-06-24,1605.6099853515625
2003-06-25,1602.6600341796875
2003-06-26,1634.010009765625
2003-06-27,1625.260009765625
2003-06-30,1622.800048828125
2003-07-01,1640.1300048828125
2003-07-02,1678.72998046875
2003-07-03,1663.4599609375
2003-07-07,1720.7099609375
2003-07-08,1746.4599609375
2003-07-09,1747.4599609375
2003-07-10,1715.8599853515625
2003-07-11,1733.9300537109375
2003-07-14,1754.8199462890625
2003-07-15,1753.2099609375
2003-07-16,1747.969970703125
2003-07-17,1698.02001953125
2003-07-18,1708.5
2003-07-21,1681.4100341796875
2003-07-22,1706.0999755859375
2003-07-23,1719.1800537109375
2003-07-24,1701.4200439453125
2003-07-25,1730.699951171875
2003-07-28,1735.3599853515625
2003-07-29,1731.3699951171875
2003-07-30,1720.9100341796875
2003-07-31,1735.02001953125
2003-08-01,1715.6199951171875
2003-08-04,1714.06005859375
2003-08-05,1673.5
2003-08-06,1652.6800537109375
2003-08-07,1652.1800537109375
2003-08-08,1644.030029296875
2003-08-11,1661.510009765625
2003-08-12,1687.010009765625
2003-08-13,1686.6099853515625
2003-08-14,1700.3399658203125
2003-08-15,1702.010009765625
2003-08-18,1739.489990234375
2003-08-19,1761.1099853515625
2003-08-20,1760.5400390625
2003-08-21,1777.550048828125
2003-08-22,1765.3199462890625
2003-08-25,1764.31005859375
2003-08-26,1770.6500244140625
2003-08-27,1782.1300048828125
2003-08-28,1800.1800537109375
2003-08-29,1810.449951171875
2003-09-02,1841.47998046875
2003-09-03,1852.9000244140625
2003-09-04,1868.969970703125
2003-09-05,1858.239990234375
2003-09-08,1888.6199951171875
2003-09-09,1873.4300537109375
2003-09-10,1823.81005859375
2003-09-11,1846.0899658203125
2003-09-12,1855.030029296875
2003-09-15,1845.699951171875
2003-09-16,1887.25
2003-09-17,1883.0999755859375
2003-09-18,1909.550048828125
2003-09-19,1905.699951171875
2003-09-22,1874.6199951171875
2003-09-23,1901.719970703125
2003-09-24,1843.699951171875
2003-09-25,1817.239990234375
2003-09-26,1792.0699462890625
2003-09-29,1824.56005859375
2003-09-30,1786.93994140625
2003-10-01,1832.25
2003-10-02,1836.219970703125
2003-10-03,1880.5699462890625
2003-10-06,1893.4599609375
2003-10-07,1907.8499755859375
2003-10-08,1893.780029296875
2003-10-09,1911.9000244140625
2003-10-10,1915.31005859375
2003-10-13,1933.530029296875
2003-10-14,1943.18994140625
2003-10-15,1939.0999755859375
2003-10-16,1950.1400146484375
2003-10-17,1912.3599853515625
2003-10-20,1925.1400146484375
2003-10-21,1940.9000244140625
2003-10-22,1898.0699462890625
2003-10-23,1885.510009765625
2003-10-24,1865.5899658203125
2003-10-27,1882.9100341796875
2003-10-28,1932.260009765625
2003-10-29,1936.56005859375
2003-10-30,1932.68994140625
2003-10-31,1932.2099609375
2003-11-03,1967.699951171875
2003-11-04,1957.969970703125
2003-11-05,1959.3699951171875
2003-11-06,1976.3699951171875
2003-11-07,1970.739990234375
2003-11-10,1941.6400146484375
2003-11-11,1930.75
2003-11-12,1973.1099853515625
2003-11-13,1967.3499755859375
2003-11-14,1930.260009765625
2003-11-17,1909.6099853515625
2003-11-18,1881.75
2003-11-19,1899.6500244140625
2003-11-20,1881.9200439453125
2003-11-21,1893.8800048828125
2003-11-24,1947.1400146484375
2003-11-25,1943.0400390625
2003-11-26,1953.31005859375
2003-11-28,1960.260009765625
2003-12-01,1989.8199462890625
2003-12-02,1980.0699462890625
2003-12-03,1960.25
2003-12-04,1968.800048828125
2003-12-05,1937.8199462890625
2003-12-08,1948.8499755859375
2003-12-09,1908.3199462890625
2003-12-10,1904.6500244140625
2003-12-11,1942.3199462890625
2003-12-12,1949.0
2003-12-15,1918.260009765625
2003-12-16,1924.2900390625
2003-12-17,1921.3299560546875
2003-12-18,1956.1800537109375
2003-12-19,1951.02001953125
2003-12-22,1955.800048828125
2003-12-23,1974.780029296875
2003-12-24,1969.22998046875
2003-12-26,1973.1400146484375
2003-12-29,2006.47998046875
2003-12-30,2009.8800048828125
