Date,WMT
1998-01-02,4.157597541809082
1998-01-05,4.197194576263428
1998-01-06,4.223591327667236
1998-01-07,4.210391998291016
1998-01-08,4.150999546051025
1998-01-09,4.032208442687988
1998-01-12,4.17079496383667
1998-01-13,4.17079496383667
1998-01-14,4.190596580505371
1998-01-15,4.21699333190918
1998-01-16,4.236789226531982
1998-01-20,4.408374786376953
1998-01-21,4.296184539794922
1998-01-22,4.223591327667236
1998-01-23,4.17079496383667
1998-01-26,4.085006237030029
1998-01-27,4.150999546051025
1998-01-28,4.289587020874023
1998-01-29,4.243389129638672
1998-01-30,4.203794479370117
1998-02-02,4.309381484985352
1998-02-03,4.4347710609436035
1998-02-04,4.54036283493042
1998-02-05,4.520563125610352
1998-02-06,4.546961307525635
1998-02-09,4.487565994262695
1998-02-10,4.553557872772217
1998-02-11,4.533761978149414
1998-02-12,4.718542575836182
1998-02-13,4.6657490730285645
1998-02-17,4.725142002105713
1998-02-18,4.804336071014404
1998-02-19,4.7779388427734375
1998-02-20,4.7911376953125
1998-02-23,4.876926898956299
1998-02-24,4.949522495269775
1998-02-25,5.035314083099365
1998-02-26,4.989116191864014
1998-02-27,4.890127182006836
1998-03-02,4.949522495269775
1998-03-03,5.114506721496582
1998-03-04,5.114506721496582
1998-03-05,5.160702228546143
1998-03-06,5.299288272857666
1998-03-09,5.4180779457092285
1998-03-10,5.3850789070129395
1998-03-11,5.378481388092041
1998-03-12,5.4180779457092285
1998-03-13,5.4246745109558105
1998-03-16,5.437874794006348
1998-03-17,5.431276321411133
1998-03-18,5.366819858551025
1998-03-19,5.3271636962890625
1998-03-20,5.294116973876953
1998-03-23,5.254457950592041
1998-03-24,5.340382099151611
1998-03-25,5.247851371765137
1998-03-26,5.261069297790527
1998-03-27,5.280895709991455
1998-03-30,5.333773136138916
1998-03-31,5.373429298400879
1998-04-01,5.446132183074951
1998-04-02,5.373429298400879
1998-04-03,5.446132183074951
1998-04-06,5.247851371765137
1998-04-07,5.366819858551025
1998-04-08,5.287509441375732
1998-04-09,5.373429298400879
1998-04-13,5.413088798522949
1998-04-14,5.631197452545166
1998-04-15,5.697290420532227
1998-04-16,5.558493614196777
1998-04-17,5.631197452545166
1998-04-20,5.52544641494751
1998-04-21,5.532052516937256
1998-04-22,5.532052516937256
1998-04-23,5.432913303375244
1998-04-24,5.3139472007751465
1998-04-27,5.241243839263916
1998-04-28,5.194976806640625
1998-04-29,5.214804172515869
1998-04-30,5.346991062164307
1998-05-01,5.353602409362793
1998-05-04,5.380037784576416
1998-05-05,5.340382099151611
1998-05-06,5.280895709991455
1998-05-07,5.353602409362793
1998-05-08,5.340382099151611
1998-05-11,5.406475067138672
1998-05-12,5.578319549560547
1998-05-13,5.723723888397217
1998-05-14,5.7303361892700195
1998-05-15,5.717116355895996
1998-05-18,5.75016450881958
1998-05-19,5.743556022644043
1998-05-20,5.803037643432617
1998-05-21,5.895571708679199
1998-05-22,5.86913537979126
1998-05-26,5.684070110321045
1998-05-27,5.75016450881958
1998-05-28,5.862522602081299
1998-05-29,5.8294782638549805
1998-06-01,5.974884510040283
1998-06-02,6.021149158477783
1998-06-03,5.9220099449157715
1998-06-04,5.988102436065674
1998-06-05,6.113677501678467
1998-06-08,6.133507251739502
1998-06-09,6.140120983123779
1998-06-10,6.265697479248047
1998-06-11,6.239257335662842
1998-06-12,6.219429969787598
1998-06-15,5.981494426727295
1998-06-16,6.067416191101074
1998-06-17,6.1881866455078125
1998-06-18,6.141857147216797
1998-06-19,6.12862491607666
1998-06-22,6.069055080413818
1998-06-23,6.267603874206543
1998-06-24,6.366884708404541
1998-06-25,6.353648662567139
1998-06-26,6.320556640625
1998-06-29,6.572052478790283
1998-06-30,6.433068752288818
1998-07-01,6.406593322753906
1998-07-02,6.426448822021484
1998-07-06,6.486013889312744
1998-07-07,6.472776889801025
1998-07-08,6.651474952697754
1998-07-09,6.684568881988525
1998-07-10,6.797080993652344
1998-07-13,6.783837795257568
1998-07-14,7.028722763061523
1998-07-15,6.975774765014648
1998-07-16,7.280220031738281
1998-07-17,7.306694030761719
1998-07-20,7.286836624145508
1998-07-21,7.200800895690918
1998-07-22,7.101521968841553
1998-07-23,6.724274635314941
1998-07-24,6.757369041442871
1998-07-27,6.763986110687256
1998-07-28,6.717656135559082
1998-07-29,6.446301460266113
1998-07-30,6.737514495849609
1998-07-31,6.684568881988525
1998-08-03,6.525725364685059
1998-08-04,6.181568145751953
1998-08-05,6.459542751312256
1998-08-06,6.777224063873291
1998-08-07,6.658092498779297
1998-08-10,6.677945137023926
1998-08-11,6.777224063873291
1998-08-12,6.989011287689209
1998-08-13,6.810314655303955
1998-08-14,6.605146884918213
1998-08-17,6.651474952697754
1998-08-18,6.803694725036621
1998-08-19,6.777224063873291
1998-08-20,6.856648921966553
1998-08-21,6.902976989746094
1998-08-24,7.1213765144348145
1998-08-25,7.253747940063477
1998-08-26,7.313314437866211
1998-08-27,7.187561511993408
1998-08-28,6.922831058502197
1998-08-31,6.247750282287598
1998-09-01,6.538960933685303
1998-09-02,6.3470258712768555
1998-09-03,6.366884708404541
1998-09-04,6.194806098937988
1998-09-08,6.6448564529418945
1998-09-09,6.466156482696533
1998-09-10,6.1881866455078125
1998-09-11,6.419834613800049
1998-09-14,6.479393482208252
1998-09-15,6.618379592895508
1998-09-16,6.67303991317749
1998-09-17,6.454356670379639
1998-09-18,6.421227931976318
1998-09-21,6.4344801902771
1998-09-22,6.613400459289551
1998-09-23,6.838703155517578
1998-09-24,6.659786224365234
1998-09-25,6.56701135635376
1998-09-28,6.513997554779053
1998-09-29,6.162785053253174
1998-09-30,5.791694641113281
1998-10-01,5.632655143737793
1998-10-02,5.877839088439941
1998-10-05,6.070010662078857
1998-10-06,6.308571815490723
1998-10-07,6.229053974151611
1998-10-08,6.0236287117004395
1998-10-09,6.268815040588379
1998-10-12,6.447732448577881
1998-10-13,6.354957103729248
1998-10-14,6.480865001678467
1998-10-15,6.851959228515625
1998-10-16,7.064009666442871
1998-10-19,7.289317607879639
1998-10-20,6.951356887817383
1998-10-21,6.885093688964844
1998-10-22,7.08389139175415
1998-10-23,7.209798336029053
1998-10-26,6.931480407714844
1998-10-27,6.706170082092285
1998-10-28,6.871838092803955
1998-10-29,7.150160789489746
1998-10-30,7.322452068328857
1998-11-02,7.295942783355713
1998-11-03,7.090517997741699
1998-11-04,7.2164225578308105
1998-11-05,7.448357582092285
1998-11-06,7.574262619018555
1998-11-09,7.481490135192871
1998-11-10,7.441729545593262
1998-11-11,7.3953447341918945
1998-11-12,7.289317607879639
1998-11-13,7.388718605041504
1998-11-16,7.5345025062561035
1998-11-17,7.594144344329834
1998-11-18,7.779691696166992
1998-11-19,7.739929676055908
1998-11-20,7.8194499015808105
1998-11-23,7.945355415344238
1998-11-24,7.925478458404541
1998-11-25,8.031501770019531
1998-11-27,8.117650032043457
1998-11-30,7.985113620758057
1998-12-01,7.938729763031006
1998-12-02,7.852582931518555
1998-12-03,7.58089017868042
1998-12-04,7.759807586669922
1998-12-07,7.912225723266602
1998-12-08,8.058006286621094
1998-12-09,8.14588737487793
1998-12-10,8.039752960205078
1998-12-11,8.099458694458008
1998-12-14,7.940250396728516
1998-12-15,8.152523040771484
1998-12-16,8.033121109008789
1998-12-17,8.07955551147461
1998-12-18,8.252021789550781
1998-12-21,8.344891548156738
1998-12-22,8.311721801757812
1998-12-23,8.643401145935059
1998-12-24,8.610231399536133
1998-12-28,8.477564811706543
1998-12-29,8.696465492248535
1998-12-30,8.570428848266602
1998-12-31,8.643401145935059
1999-01-04,8.557159423828125
1999-01-05,8.623499870300293
1999-01-06,8.769429206848145
1999-01-07,8.928641319274902
1999-01-08,8.862303733825684
1999-01-11,8.663300514221191
1999-01-12,8.530633926391602
1999-01-13,8.557159423828125
1999-01-14,8.464296340942383
1999-01-15,8.5040922164917
1999-01-19,8.497461318969727
1999-01-20,8.517363548278809
1999-01-21,8.391329765319824
1999-01-22,8.703100204467773
1999-01-25,8.703100204467773
1999-01-26,8.868936538696289
1999-01-27,9.041409492492676
1999-01-28,9.034772872924805
1999-01-29,9.127640724182129
1999-02-01,8.968435287475586
1999-02-02,8.875568389892578
1999-02-03,9.101106643676758
1999-02-04,8.888835906982422
1999-02-05,8.941902160644531
1999-02-08,9.067940711975098
1999-02-09,8.716365814208984
1999-02-10,8.590333938598633
1999-02-11,9.10773754119873
1999-02-12,8.955172538757324
1999-02-16,9.293478012084961
1999-02-17,9.02813720703125
1999-02-18,9.061306953430176
1999-02-19,8.994975090026855
1999-02-22,9.366443634033203
1999-02-23,9.286845207214355
1999-02-24,8.975068092346191
1999-02-25,9.021506309509277
1999-02-26,9.140907287597656
1999-03-01,9.114368438720703
1999-03-02,9.067940711975098
1999-03-03,9.273580551147461
1999-03-04,9.485845565795898
1999-03-05,9.897125244140625
1999-03-08,9.917023658752441
1999-03-09,9.97672176361084
1999-03-10,9.930289268493652
1999-03-11,10.1160306930542
1999-03-12,10.228793144226074
1999-03-15,10.268601417541504
1999-03-16,10.18898868560791
1999-03-17,10.239463806152344
1999-03-18,10.432031631469727
1999-03-19,10.066810607910156
1999-03-22,9.914083480834961
1999-03-23,9.615266799926758
1999-03-24,9.455897331237793
1999-03-25,9.761354446411133
1999-03-26,9.728155136108398
1999-03-29,10.09337329864502
1999-03-30,10.09337329864502
1999-03-31,9.794554710388184
1999-04-01,9.907445907592773
1999-04-05,10.13321590423584
1999-04-06,10.166420936584473
1999-04-07,10.358986854553223
1999-04-08,10.863656997680664
1999-04-09,10.916780471801758
1999-04-12,11.14255428314209
1999-04-13,11.109354019165039
1999-04-14,10.478514671325684
1999-04-15,10.385551452636719
1999-04-16,10.09337329864502
1999-04-19,9.535584449768066
1999-04-20,10.146499633789062
1999-04-21,10.358986854553223
1999-04-22,10.637885093688965
1999-04-23,10.823816299438477
1999-04-26,10.823816299438477
1999-04-27,10.783973693847656
1999-04-28,10.45195484161377
1999-04-29,9.960563659667969
1999-04-30,9.77463436126709
1999-05-03,9.80119514465332
1999-05-04,9.349653244018555
1999-05-05,9.575420379638672
1999-05-06,9.110593795776367
1999-05-07,9.509018898010254
1999-05-10,9.6019868850708
1999-05-11,10.053529739379883
1999-05-12,9.894159317016602
1999-05-13,9.987128257751465
1999-05-14,9.85431957244873
1999-05-17,9.708230972290039
1999-05-18,9.867606163024902
1999-05-19,9.708230972290039
1999-05-20,9.455897331237793
1999-05-21,9.19028091430664
1999-05-24,9.097318649291992
1999-05-25,9.004347801208496
1999-05-26,9.123881340026855
1999-05-27,8.738741874694824
1999-05-28,9.057472229003906
1999-06-01,9.230125427246094
1999-06-02,9.429337501525879
1999-06-03,9.668391227722168
1999-06-04,9.77463436126709
1999-06-07,9.721513748168945
1999-06-08,9.429337501525879
1999-06-09,9.37621021270752
1999-06-10,9.163721084594727
1999-06-11,9.070755004882812
1999-06-14,9.163721084594727
1999-06-15,9.030908584594727
1999-06-16,9.440441131591797
1999-06-17,9.280884742736816
1999-06-18,9.307479858398438
1999-06-21,9.586701393127441
1999-06-22,9.560105323791504
1999-06-23,9.440441131591797
1999-06-24,9.214404106140137
1999-06-25,9.240994453430176
1999-06-28,9.693072319030762
1999-06-29,9.959003448486328
1999-06-30,10.264817237854004
1999-07-01,10.158445358276367
1999-07-02,10.371190071105957
1999-07-06,10.464258193969727
1999-07-07,10.211634635925293
1999-07-08,9.998889923095703
1999-07-09,10.198335647583008
1999-07-12,10.091967582702637
1999-07-13,10.118558883666992
1999-07-14,10.131855010986328
1999-07-15,10.105264663696289
1999-07-16,10.211634635925293
1999-07-19,10.224932670593262
1999-07-20,9.972294807434082
1999-07-21,9.666481018066406
1999-07-22,9.613293647766113
1999-07-23,9.560105323791504
1999-07-26,9.706367492675781
1999-07-27,9.693072319030762
1999-07-28,9.586701393127441
1999-07-29,9.360668182373047
1999-07-30,8.988364219665527
1999-08-02,9.014958381652832
1999-08-03,8.921881675720215
1999-08-04,8.70914077758789
1999-08-05,8.802213668823242
1999-08-06,8.77562141418457
1999-08-09,8.549580574035645
1999-08-10,9.121330261230469
1999-08-11,9.227696418762207
1999-08-12,9.440441131591797
1999-08-13,9.533516883850098
1999-08-16,9.78614616394043
1999-08-17,9.985596656799316
1999-08-18,9.865928649902344
1999-08-19,9.799447059631348
1999-08-20,9.93241024017334
1999-08-23,10.158445358276367
1999-08-24,10.118558883666992
1999-08-25,10.291411399841309
1999-08-26,10.065372467041016
1999-08-27,9.93241024017334
1999-08-30,9.679779052734375
1999-08-31,9.427144050598145
1999-09-01,9.573407173156738
1999-09-02,9.719669342041016
1999-09-03,10.118558883666992
1999-09-07,9.839332580566406
1999-09-08,10.025485038757324
1999-09-09,10.105264663696289
1999-09-10,10.145147323608398
1999-09-13,10.211634635925293
1999-09-14,9.985596656799316
1999-09-15,9.690096855163574
1999-09-16,9.650167465209961
1999-09-17,9.929688453674316
1999-09-20,9.836519241333008
1999-09-21,9.743343353271484
1999-09-22,10.062796592712402
1999-09-23,9.943002700805664
1999-09-24,9.903072357177734
1999-09-27,9.863138198852539
1999-09-28,9.996243476867676
1999-09-29,9.71672534942627
1999-09-30,10.129347801208496
1999-10-01,10.28907585144043
1999-10-04,10.71501350402832
1999-10-05,10.91467571258545
1999-10-06,10.941292762756348
1999-10-07,10.927985191345215
1999-10-08,11.793168067932129
1999-10-11,11.487027168273926
1999-10-12,11.473719596862793
1999-10-13,10.927985191345215
1999-10-14,11.154260635375977
1999-10-15,10.821501731872559
1999-10-18,11.101021766662598
1999-10-19,11.220815658569336
1999-10-20,11.67337703704834
1999-10-21,11.686689376831055
1999-10-22,12.15255069732666
1999-10-25,11.9129638671875
1999-10-26,11.34061050415039
1999-10-27,11.287365913391113
1999-10-28,11.873038291931152
1999-10-29,11.99283218383789
1999-11-01,11.979523658752441
1999-11-02,11.952898979187012
1999-11-03,11.873038291931152
1999-11-04,11.92628002166748
1999-11-05,12.365522384643555
1999-11-08,12.458701133728027
1999-11-09,12.35221004486084
1999-11-10,12.16586685180664
1999-11-11,12.232426643371582
1999-11-12,12.53856372833252
1999-11-15,12.551873207092285
1999-11-16,12.751535415649414
1999-11-17,12.53856372833252
1999-11-18,12.645051956176758
1999-11-19,12.37883472442627
1999-11-22,12.08600902557373
1999-11-23,11.9129638671875
1999-11-24,12.338912963867188
1999-11-26,12.39547348022461
1999-11-29,12.565192222595215
1999-11-30,12.272350311279297
1999-12-01,12.475342750549316
1999-12-02,12.282336235046387
1999-12-03,12.578490257263184
1999-12-06,12.688312530517578
1999-12-07,12.35221004486084
1999-12-08,12.491973876953125
1999-12-09,13.257333755493164
1999-12-10,13.470300674438477
1999-12-13,14.481910705566406
1999-12-14,14.282256126403809
1999-12-15,14.069780349731445
1999-12-16,14.625917434692383
1999-12-17,13.853331565856934
1999-12-20,13.700145721435547
1999-12-21,13.81336498260498
1999-12-22,13.999847412109375
1999-12-23,14.359514236450195
1999-12-27,14.799087524414062
1999-12-28,14.772451400756836
1999-12-29,14.359514236450195
1999-12-30,14.452752113342285
1999-12-31,14.732486724853516
2000-01-03,14.23962116241455
2000-01-04,13.70680046081543
2000-01-05,13.427071571350098
2000-01-06,13.573599815368652
2000-01-07,14.599282264709473
2000-01-10,14.332863807678223
2000-01-11,14.119745254516602
2000-01-12,13.86664867401123
2000-01-13,13.879964828491211
2000-01-14,13.746761322021484
2000-01-18,13.973210334777832
2000-01-19,13.653519630432129
2000-01-20,13.50699234008789
2000-01-21,13.307191848754883
2000-01-24,12.654483795166016
2000-01-25,13.027463912963867
2000-01-26,13.2006196975708
2000-01-27,12.601202964782715
2000-01-28,11.748684883117676
2000-01-31,11.668766975402832
2000-02-01,12.507957458496094
2000-02-02,12.441352844238281
2000-02-03,12.441352844238281
2000-02-04,12.001776695251465
2000-02-07,11.881895065307617
2000-02-08,12.681117057800293
2000-02-09,12.321467399597168
2000-02-10,12.148299217224121
2000-02-11,11.948501586914062
2000-02-14,12.547917366027832
2000-02-15,12.36142635345459
2000-02-16,11.242508888244629
2000-02-17,10.310077667236328
2000-02-18,10.176871299743652
2000-02-22,10.25678825378418
2000-02-23,10.01701831817627
2000-02-24,10.203508377075195
2000-02-25,9.484203338623047
2000-02-28,9.843852996826172
2000-02-29,10.389997482299805
2000-03-01,10.443275451660156
2000-03-02,10.776289939880371
2000-03-03,11.215867042541504
2000-03-06,10.762969970703125
2000-03-07,10.136902809143066
2000-03-08,10.296754837036133
2000-03-09,10.42995548248291
2000-03-10,10.21683120727539
2000-03-13,10.16354751586914
2000-03-14,10.176871299743652
2000-03-15,10.989912033081055
2000-03-16,11.656767845153809
2000-03-17,11.896844863891602
2000-03-20,11.763465881347656
2000-03-21,12.083564758300781
2000-03-22,11.816816329956055
2000-03-23,11.523401260375977
2000-03-24,11.843487739562988
2000-03-27,11.83015251159668
2000-03-28,11.630095481872559
2000-03-29,12.537026405334473
2000-03-30,12.590384483337402
2000-03-31,12.056891441345215
2000-04-03,13.057182312011719
2000-04-04,12.803777694702148
2000-04-05,12.430326461791992
2000-04-06,13.04384708404541
2000-04-07,13.123878479003906
2000-04-10,13.564001083374023
2000-04-11,13.523993492126465
2000-04-12,13.323931694030762
2000-04-13,12.817117691040039
2000-04-14,11.73678970336914
2000-04-17,11.523401260375977
2000-04-18,11.496724128723145
2000-04-19,11.723459243774414
2000-04-20,12.310301780700684
2000-04-24,12.563703536987305
2000-04-25,12.737092971801758
2000-04-26,12.537026405334473
2000-04-27,12.310301780700684
2000-04-28,11.816816329956055
2000-05-01,12.363649368286133
2000-05-02,12.296961784362793
2000-05-03,11.403365135192871
2000-05-04,10.883204460144043
2000-05-05,10.949895858764648
2000-05-08,11.176628112792969
2000-05-09,11.310002326965332
2000-05-10,12.096904754638672
2000-05-11,11.9501953125
2000-05-12,12.123578071594238
2000-05-15,12.16358470916748
2000-05-16,12.376977920532227
2000-05-17,12.030216217041016
2000-05-18,12.363649368286133
2000-05-19,12.176924705505371
2000-05-22,12.243609428405762
2000-05-23,12.203598022460938
2000-05-24,12.136914253234863
2000-05-25,11.73678970336914
2000-05-26,11.523401260375977
2000-05-30,11.390033721923828
2000-05-31,12.296961784362793
2000-06-01,12.16358470916748
2000-06-02,12.603713035583496
2000-06-05,12.657065391540527
2000-06-06,12.430326461791992
2000-06-07,12.350311279296875
2000-06-08,12.136914253234863
2000-06-09,11.523401260375977
2000-06-12,11.256654739379883
2000-06-13,11.73678970336914
2000-06-14,11.7763090133667
2000-06-15,11.856423377990723
2000-06-16,11.509282112121582
2000-06-19,11.616093635559082
2000-06-20,11.642799377441406
2000-06-21,11.522632598876953
2000-06-22,11.215543746948242
2000-06-23,11.482576370239258
2000-06-26,11.482576370239258
2000-06-27,12.136817932128906
2000-06-28,11.959906578063965
2000-06-29,11.5626859664917
2000-06-30,12.310386657714844
2000-07-03,12.150166511535645
2000-07-05,12.17686653137207
2000-07-06,12.283686637878418
2000-07-07,13.151558876037598
2000-07-10,13.084799766540527
2000-07-11,13.245022773742676
2000-07-12,13.031387329101562
2000-07-13,12.630841255187988
2000-07-14,12.710942268371582
2000-07-17,12.97130298614502
2000-07-18,12.8311128616333
2000-07-19,12.817760467529297
2000-07-20,12.817760467529297
2000-07-21,12.751005172729492
2000-07-24,12.270334243774414
2000-07-25,12.644185066223145
2000-07-26,12.550719261169434
2000-07-27,12.8311128616333
2000-07-28,12.537373542785645
2000-07-31,11.803019523620605
2000-08-01,11.642799377441406
2000-08-02,11.549333572387695
2000-08-03,11.509282112121582
2000-08-04,11.309001922607422
2000-08-07,11.7763090133667
2000-08-08,12.310386657714844
2000-08-09,11.455869674682617
2000-08-10,10.895094871520996
2000-08-11,11.135427474975586
2000-08-14,11.295650482177734
2000-08-15,11.015263557434082
2000-08-16,10.668111801147461
2000-08-17,10.681466102600098
2000-08-18,10.86839485168457
2000-08-21,10.467836380004883
2000-08-22,10.494542121887207
2000-08-23,10.494542121887207
2000-08-24,10.561299324035645
2000-08-25,10.788278579711914
2000-08-28,10.574652671813965
2000-08-29,10.561299324035645
2000-08-30,10.347673416137695
2000-08-31,10.174099922180176
2000-09-01,10.4144287109375
2000-09-05,10.628058433532715
2000-09-06,10.681466102600098
2000-09-07,10.895094871520996
2000-09-08,11.135427474975586
2000-09-11,11.616093635559082
2000-09-12,11.53598403930664
2000-09-13,11.52208137512207
2000-09-14,11.228014945983887
2000-09-15,11.121081352233887
2000-09-18,10.933952331542969
2000-09-19,10.66661262512207
2000-09-20,10.37254810333252
2000-09-21,10.693343162536621
2000-09-22,10.800274848937988
2000-09-25,10.47947883605957
2000-09-26,10.131948471069336
2000-09-27,10.292350769042969
2000-09-28,10.38591194152832
2000-09-29,10.292350769042969
2000-10-02,9.891345024108887
2000-10-03,9.797775268554688
2000-10-04,9.864614486694336
2000-10-05,9.851243019104004
2000-10-06,9.730942726135254
2000-10-09,9.650742530822754
2000-10-10,9.918079376220703
2000-10-11,9.690845489501953
2000-10-12,9.436875343322754
2000-10-13,9.624013900756836
2000-10-16,10.118581771850586
2000-10-17,9.83788013458252
2000-10-18,9.998278617858887
2000-10-19,10.22551155090332
2000-10-20,9.958176612854004
2000-10-23,10.118581771850586
2000-10-24,10.345817565917969
2000-10-25,9.82451057434082
2000-10-26,9.289848327636719
2000-10-27,9.249741554260254
2000-10-30,9.356681823730469
2000-10-31,9.704212188720703
2000-11-01,9.984914779663086
2000-11-02,10.359177589416504
2000-11-03,10.131948471069336
2000-11-06,10.47947883605957
2000-11-07,10.46611499786377
2000-11-08,10.426013946533203
2000-11-09,10.078479766845703
2000-11-10,9.343317031860352
2000-11-13,9.690845489501953
2000-11-14,10.02501106262207
2000-11-15,10.47947883605957
2000-11-16,10.319073677062988
2000-11-17,10.38591194152832
2000-11-20,10.23888111114502
2000-11-21,10.078479766845703
2000-11-22,9.81114673614502
2000-11-24,9.664111137390137
2000-11-27,10.546316146850586
2000-11-28,10.47947883605957
2000-11-29,11.09434986114502
2000-11-30,11.16118049621582
2000-12-01,10.947314262390137
2000-12-04,11.508715629577637
2000-12-05,11.816145896911621
2000-12-06,11.722578048706055
2000-12-07,11.762677192687988
2000-12-08,11.642380714416504
2000-12-11,10.987411499023438
2000-12-12,11.09434986114502
2000-12-13,10.760175704956055
2000-12-14,10.920575141906738
2000-12-15,10.66661262512207
2000-12-18,10.813651084899902
2000-12-19,10.265613555908203
2000-12-20,10.479209899902344
2000-12-21,11.081470489501953
2000-12-22,11.24206829071045
2000-12-26,10.840564727783203
2000-12-27,11.255454063415527
2000-12-28,11.335752487182617
2000-12-29,11.375899314880371
2001-01-02,11.536499977111816
2001-01-03,12.513493537902832
2001-01-04,12.031688690185547
2001-01-05,11.549890518188477
2001-01-08,11.549890518188477
2001-01-09,11.295598030090332
2001-01-10,11.068084716796875
2001-01-11,11.121615409851074
2001-01-12,11.335752487182617
2001-01-16,11.710488319396973
2001-01-17,11.549890518188477
2001-01-18,11.362517356872559
2001-01-19,10.880715370178223
2001-01-22,11.255454063415527
2001-01-23,11.42944049835205
2001-01-24,11.456204414367676
2001-01-25,11.56326675415039
2001-01-26,11.482970237731934
2001-01-29,11.606099128723145
2001-01-30,11.514016151428223
2001-01-31,12.162847518920898
2001-02-01,11.927294731140137
2001-02-02,11.726015090942383
2001-02-05,11.529008865356445
2001-02-06,11.391958236694336
2001-02-07,11.704595565795898
2001-02-08,11.199239730834961
2001-02-09,10.792383193969727
2001-02-12,11.4454984664917
2001-02-13,11.58468246459961
2001-02-14,11.34913444519043
2001-02-15,11.135000228881836
2001-02-16,11.212087631225586
2001-02-20,11.434785842895508
2001-02-21,10.75169849395752
2001-02-22,10.642495155334473
2001-02-23,10.766687393188477
2001-02-26,10.935858726501465
2001-02-27,10.918723106384277
2001-02-28,10.726003646850586
2001-03-01,10.35127067565918
2001-03-02,10.475468635559082
2001-03-05,10.35768985748291
2001-03-06,10.610371589660645
2001-03-07,10.856624603271484
2001-03-08,11.060056686401367
2001-03-09,10.87375259399414
2001-03-12,10.344842910766602
2001-03-13,10.449769020080566
2001-03-14,10.107156753540039
2001-03-15,10.246338844299316
2001-03-16,10.049333572387695
2001-03-19,10.145696640014648
2001-03-20,10.252764701843262
2001-03-21,10.359987258911133
2001-03-22,10.059762001037598
2001-03-23,10.201298713684082
2001-03-26,10.636629104614258
2001-03-27,10.784594535827637
2001-03-28,10.649496078491211
2001-03-29,10.855364799499512
2001-03-30,10.829625129699707
2001-04-02,10.859652519226074
2001-04-03,10.54870319366455
2001-04-04,10.694527626037598
2001-04-05,10.838202476501465
2001-04-06,10.988321304321289
2001-04-09,10.786738395690918
2001-04-10,10.90254020690918
2001-04-11,10.771729469299316
2001-04-12,10.658075332641602
2001-04-16,10.518680572509766
2001-04-17,10.559428215026855
2001-04-18,11.307849884033203
2001-04-19,11.258528709411621
2001-04-20,11.089109420776367
2001-04-23,11.159883499145508
2001-04-24,10.743852615356445
2001-04-25,10.866084098815918
2001-04-26,10.988321304321289
2001-04-27,11.329294204711914
2001-04-30,11.09554386138916
2001-05-01,11.472975730895996
2001-05-02,11.382909774780273
2001-05-03,11.387199401855469
2001-05-04,11.37004280090332
2001-05-07,11.162027359008789
2001-05-08,11.147018432617188
2001-05-09,11.063379287719727
2001-05-10,11.455818176269531
2001-05-11,11.601644515991211
2001-05-14,11.655259132385254
2001-05-15,11.151302337646484
2001-05-16,11.076250076293945
2001-05-17,11.099837303161621
2001-05-18,11.159883499145508
2001-05-21,11.408638954162598
2001-05-22,11.477264404296875
2001-05-23,11.262813568115234
2001-05-24,11.342164039611816
2001-05-25,10.979742050170898
2001-05-29,10.981887817382812
2001-05-30,11.03764820098877
2001-05-31,11.09769344329834
2001-06-01,11.09125804901123
2001-06-04,10.934710502624512
2001-06-05,11.001190185546875
2001-06-06,10.883243560791016
2001-06-07,10.95830249786377
2001-06-08,10.941145896911621
2001-06-11,10.771729469299316
2001-06-12,10.84463882446289
2001-06-13,10.754573822021484
2001-06-14,10.615182876586914
2001-06-15,10.325679779052734
2001-06-18,10.405022621154785
2001-06-19,10.477940559387207
2001-06-20,10.694835662841797
2001-06-21,10.834430694580078
2001-06-22,10.733498573303223
2001-06-25,10.52303409576416
2001-06-26,10.544507026672363
2001-06-27,10.415657997131348
2001-06-28,10.602493286132812
2001-06-29,10.480086326599121
2001-07-02,10.684097290039062
2001-07-03,10.570281982421875
2001-07-05,10.437131881713867
2001-07-06,10.166540145874023
2001-07-09,10.361966133117676
2001-07-10,10.20090103149414
2001-07-11,10.490819931030273
2001-07-12,11.135090827941895
2001-07-13,11.360579490661621
2001-07-16,11.485145568847656
2001-07-17,11.457220077514648
2001-07-18,11.59251880645752
2001-07-19,11.646209716796875
2001-07-20,11.65694522857666
2001-07-23,11.388503074645996
2001-07-24,11.40353775024414
2001-07-25,11.833047866821289
2001-07-26,11.918944358825684
2001-07-27,11.899617195129395
2001-07-30,12.000554084777832
2001-07-31,12.004851341247559
2001-08-01,11.813715934753418
2001-08-02,12.02417278289795
2001-08-03,11.895325660705566
2001-08-06,11.704192161560059
2001-08-07,11.828751564025879
2001-08-08,11.710634231567383
2001-08-09,11.633321762084961
2001-08-10,11.51091194152832
2001-08-13,11.210254669189453
2001-08-14,11.244616508483887
2001-08-15,11.167303085327148
2001-08-16,11.100727081298828
2001-08-17,10.909597396850586
2001-08-20,11.079254150390625
2001-08-21,10.724905967712402
2001-08-22,10.789332389831543
2001-08-23,10.681952476501465
2001-08-24,10.94180679321289
2001-08-27,10.821544647216797
2001-08-28,10.75926685333252
2001-08-29,10.555251121520996
2001-08-30,10.222373008728027
2001-08-31,10.319018363952637
2001-09-04,10.40492057800293
2001-09-05,10.555251121520996
2001-09-06,10.172986030578613
2001-09-07,9.926013946533203
2001-09-10,9.92816162109375
2001-09-17,9.44925594329834
2001-09-18,9.739177703857422
2001-09-19,9.775736808776855
2001-09-20,9.745628356933594
2001-09-21,9.605823516845703
2001-09-24,10.169349670410156
2001-09-25,10.410248756408691
2001-09-26,10.642539024353027
2001-09-27,10.623186111450195
2001-09-28,10.64684772491455
2001-10-01,10.702766418457031
2001-10-02,11.098530769348145
2001-10-03,11.341581344604492
2001-10-04,11.07702350616455
2001-10-05,11.270602226257324
2001-10-08,10.993138313293457
2001-10-09,11.201775550842285
2001-10-10,11.535161972045898
2001-10-11,11.505046844482422
2001-10-12,11.37814712524414
2001-10-15,11.502897262573242
2001-10-16,11.429762840270996
2001-10-17,11.23188591003418
2001-10-18,11.163060188293457
2001-10-19,11.401808738708496
2001-10-22,11.408259391784668
2001-10-23,11.315766334533691
2001-10-24,11.287809371948242
2001-10-25,11.464178085327148
2001-10-26,11.489988327026367
2001-10-29,11.163060188293457
2001-10-30,10.88344669342041
2001-10-31,11.055516242980957
2001-11-01,11.236183166503906
2001-11-02,11.393200874328613
2001-11-05,11.593228340148926
2001-11-06,11.816925048828125
2001-11-07,11.57602596282959
2001-11-08,11.722284317016602
2001-11-09,11.851334571838379
2001-11-12,11.954580307006836
2001-11-13,11.67066478729248
2001-11-14,11.890050888061523
2001-11-15,12.044915199279785
2001-11-16,11.851334571838379
2001-11-19,11.991142272949219
2001-11-20,11.980396270751953
2001-11-21,11.855639457702637
2001-11-23,12.001900672912598
2001-11-26,11.991142272949219
2001-11-27,11.847033500671387
2001-11-28,11.829827308654785
2001-11-29,11.754549980163574
2001-11-30,11.862092971801758
2001-12-03,11.739490509033203
2001-12-04,11.866395950317383
2001-12-05,12.167516708374023
2001-12-06,11.96318244934082
2001-12-07,11.90295696258545
2001-12-10,11.67281723022461
2001-12-11,11.63194751739502
2001-12-12,11.685721397399902
2001-12-13,11.477086067199707
2001-12-14,11.627646446228027
2001-12-17,12.01265811920166
2001-12-18,11.997599601745605
2001-12-19,12.120353698730469
2001-12-20,12.116043090820312
2001-12-21,12.398168563842773
2001-12-24,12.303404808044434
2001-12-26,12.5230712890625
2001-12-27,12.570448875427246
2001-12-28,12.56615161895752
2001-12-31,12.393857955932617
2002-01-02,12.501535415649414
2002-01-03,12.486458778381348
2002-01-04,12.404623985290527
2002-01-07,12.359400749206543
2002-01-08,12.45631217956543
2002-01-09,12.146198272705078
2002-01-10,12.275410652160645
2002-01-11,12.01698112487793
2002-01-14,12.008363723754883
2002-01-15,12.247415542602539
2002-01-16,12.057890892028809
2002-01-17,12.223725318908691
2002-01-18,12.135430335998535
2002-01-22,12.492918014526367
2002-01-23,12.891329765319824
2002-01-24,12.850411415100098
2002-01-25,12.576910972595215
2002-01-28,12.62644100189209
2002-01-29,12.47138500213623
2002-01-30,12.867643356323242
2002-01-31,12.917177200317383
2002-02-01,12.762121200561523
2002-02-04,12.684595108032227
2002-02-05,12.66305160522461
2002-02-06,12.680280685424805
2002-02-07,12.574759483337402
2002-02-08,12.738429069519043
2002-02-11,12.97531509399414
2002-02-12,12.943022727966309
2002-02-13,12.947328567504883
2002-02-14,13.027009010314941
2002-02-15,12.92794418334961
2002-02-19,12.768580436706543
2002-02-20,12.925789833068848
2002-02-21,12.82457160949707
2002-02-22,12.91071605682373
2002-02-25,13.061467170715332
2002-02-26,13.373733520507812
2002-02-27,13.406044006347656
2002-02-28,13.354358673095703
2002-03-01,13.526633262634277
2002-03-04,13.563246726989746
2002-03-05,13.085152626037598
2002-03-06,13.115302085876465
2002-03-07,13.287591934204102
2002-03-08,13.46418285369873
2002-03-11,13.466339111328125
2002-03-12,13.401732444763184
2002-03-13,13.350049018859863
2002-03-14,13.4103422164917
2002-03-15,13.729072570800781
2002-03-18,13.686007499694824
2002-03-19,13.666618347167969
2002-03-20,13.622419357299805
2002-03-21,13.41112232208252
2002-03-22,13.378776550292969
2002-03-25,13.212763786315918
2002-03-26,13.404655456542969
2002-03-27,13.368003845214844
2002-03-28,13.217074394226074
2002-04-01,12.841899871826172
2002-04-02,12.70606803894043
2002-04-03,12.634916305541992
2002-04-04,12.781535148620605
2002-04-05,12.751351356506348
2002-04-08,12.889336585998535
2002-04-09,12.958334922790527
2002-04-10,13.059667587280273
2002-04-11,12.973429679870605
2002-04-12,13.201977729797363
2002-04-15,12.921680450439453
2002-04-16,12.936774253845215
2002-04-17,12.783689498901367
2002-04-18,12.537890434265137
2002-04-19,12.70606803894043
2002-04-22,12.408523559570312
2002-04-23,12.516329765319824
2002-04-24,12.38696002960205
2002-04-25,12.289935111999512
2002-04-26,12.031201362609863
2002-04-29,12.11744499206543
2002-04-30,12.044132232666016
2002-05-01,12.246813774108887
2002-05-02,12.214472770690918
2002-05-03,11.912614822387695
2002-05-06,11.64094066619873
2002-05-07,11.860861778259277
2002-05-08,12.158409118652344
2002-05-09,11.856551170349121
2002-05-10,11.569786071777344
2002-05-13,11.867326736450195
2002-05-14,12.37402629852295
2002-05-15,12.240341186523438
2002-05-16,12.581018447875977
2002-05-17,12.576699256896973
2002-05-20,12.462427139282227
2002-05-21,12.203691482543945
2002-05-22,12.246813774108887
2002-05-23,12.141168594360352
2002-05-24,11.9708251953125
2002-05-28,11.813434600830078
2002-05-29,11.757364273071289
2002-05-30,11.64094066619873
2002-05-31,11.664651870727539
2002-06-03,11.459824562072754
2002-06-04,11.643096923828125
2002-06-05,11.850079536437988
2002-06-06,11.664651870727539
2002-06-07,11.735807418823242
2002-06-10,12.160568237304688
2002-06-11,12.171348571777344
2002-06-12,12.57022762298584
2002-06-13,12.182124137878418
2002-06-14,12.279155731201172
2002-06-17,12.572388648986816
2002-06-18,12.624134063720703
2002-06-19,12.394207954406738
2002-06-20,12.197750091552734
2002-06-21,11.869601249694824
2002-06-24,12.035834312438965
2002-06-25,11.895506858825684
2002-06-26,12.007765769958496
2002-06-27,12.45682430267334
2002-06-28,11.876075744628906
2002-07-01,11.744388580322266
2002-07-02,11.53281021118164
2002-07-03,11.882550239562988
2002-07-05,12.089805603027344
2002-07-08,12.003449440002441
2002-07-09,11.798364639282227
2002-07-10,11.606215476989746
2002-07-11,11.696887969970703
2002-07-12,11.409754753112793
2002-07-15,11.53713321685791
2002-07-16,10.768568992614746
2002-07-17,10.41666316986084
2002-07-18,10.23531723022461
2002-07-19,10.03885555267334
2002-07-22,9.628664016723633
2002-07-23,9.736616134643555
2002-07-24,10.349735260009766
2002-07-25,10.146799087524414
2002-07-26,10.401555061340332
2002-07-29,10.69300651550293
2002-07-30,10.604491233825684
2002-07-31,10.61744499206543
2002-08-01,10.233160972595215
2002-08-02,9.95250415802002
2002-08-05,9.844557762145996
2002-08-06,10.207249641418457
2002-08-07,10.444729804992676
2002-08-08,10.619603157043457
2002-08-09,10.621761322021484
2002-08-12,10.45120906829834
2002-08-13,10.515975952148438
2002-08-14,11.360100746154785
2002-08-15,11.81131362915039
2002-08-16,11.612689018249512
2002-08-19,11.806988716125488
2002-08-20,11.6105318069458
2002-08-21,11.67746353149414
2002-08-22,11.71199893951416
2002-08-23,11.483158111572266
2002-08-26,11.528491020202637
2002-08-27,11.468045234680176
2002-08-28,11.528491020202637
2002-08-29,11.485318183898926
2002-08-30,11.545768737792969
2002-09-03,11.198188781738281
2002-09-04,11.299653053283691
2002-09-05,10.997406959533691
2002-09-06,11.394647598266602
2002-09-09,11.502585411071777
2002-09-10,11.826422691345215
2002-09-11,11.70120620727539
2002-09-12,11.468045234680176
2002-09-13,11.744388580322266
2002-09-16,11.819942474365234
2002-09-17,11.714164733886719
2002-09-18,11.756317138671875
2002-09-19,11.609309196472168
2002-09-20,11.8254976272583
2002-09-23,11.371500968933105
2002-09-24,11.131531715393066
2002-09-25,11.250434875488281
2002-09-26,11.611468315124512
2002-09-27,11.077484130859375
2002-09-30,10.645109176635742
2002-10-01,11.179096221923828
2002-10-02,11.094780921936035
2002-10-03,11.047222137451172
2002-10-04,11.187740325927734
2002-10-07,10.885077476501465
2002-10-08,11.371500968933105
2002-10-09,10.96939468383789
2002-10-10,11.163960456848145
2002-10-11,11.637409210205078
2002-10-14,11.706596374511719
2002-10-15,12.169239044189453
2002-10-16,12.270845413208008
2002-10-17,11.961695671081543
2002-10-18,12.167075157165527
2002-10-21,12.193020820617676
2002-10-22,12.12816333770752
2002-10-23,12.372451782226562
2002-10-24,12.208152770996094
2002-10-25,12.394074440002441
2002-10-28,12.121676445007324
2002-10-29,12.208152770996094
2002-10-30,11.630929946899414
2002-10-31,11.57688045501709
2002-11-01,11.793071746826172
2002-11-04,11.555264472961426
2002-11-05,11.764966011047363
2002-11-06,11.747671127319336
2002-11-07,11.674161911010742
2002-11-08,11.680654525756836
2002-11-11,11.457978248596191
2002-11-12,11.641738891601562
2002-11-13,11.886032104492188
2002-11-14,12.013586044311523
2002-11-15,11.996283531188965
2002-11-18,11.604988098144531
2002-11-19,11.440683364868164
2002-11-20,11.760643005371094
2002-11-21,11.66335678100586
2002-11-22,11.622281074523926
2002-11-25,11.635252952575684
2002-11-26,11.509866714477539
2002-11-27,11.855764389038086
2002-11-29,11.652547836303711
2002-12-02,11.756317138671875
2002-12-03,11.659031867980957
2002-12-04,11.769290924072266
2002-12-05,11.462300300598145
2002-12-06,11.466623306274414
2002-12-09,11.209362030029297
2002-12-10,11.347726821899414
2002-12-11,11.241782188415527
2002-12-12,11.107756614685059
2002-12-13,10.926159858703613
2002-12-16,11.22882080078125
2002-12-17,11.012628555297852
2002-12-18,10.907628059387207
2002-12-19,10.859989166259766
2002-12-20,10.996394157409668
2002-12-23,10.736581802368164
2002-12-24,10.760398864746094
2002-12-26,10.77338981628418
2002-12-27,10.643485069274902
2002-12-30,10.963913917541504
2002-12-31,10.935768127441406
2003-01-02,11.171760559082031
2003-01-03,10.825355529785156
2003-01-06,10.866486549377441
2003-01-07,10.924943923950195
2003-01-08,10.823185920715332
2003-01-09,11.241042137145996
2003-01-10,11.176094055175781
2003-01-13,11.102478981018066
2003-01-14,11.130629539489746
2003-01-15,10.953086853027344
2003-01-16,10.890301704406738
2003-01-17,10.818854331970215
2003-01-21,10.611008644104004
2003-01-22,10.407492637634277
2003-01-23,10.515748023986816
2003-01-24,10.240781784057617
2003-01-27,10.197482109069824
2003-01-28,10.43130874633789
2003-01-29,10.413986206054688
2003-01-30,10.299236297607422
2003-01-31,10.349040031433105
2003-02-03,10.407492637634277
2003-02-04,10.208304405212402
2003-02-05,10.119539260864258
2003-02-06,10.130364418029785
2003-02-07,10.130364418029785
2003-02-10,10.180157661437988
2003-02-11,10.22995662689209
2003-02-12,10.35986042022705
2003-02-13,10.3143949508667
2003-02-14,10.64132308959961
2003-02-18,10.626163482666016
2003-02-19,10.559048652648926
2003-02-20,10.409656524658203
2003-02-21,10.587190628051758
2003-02-24,10.3143949508667
2003-02-25,10.485434532165527
2003-02-26,10.35552978515625
2003-02-27,10.426979064941406
2003-02-28,10.405326843261719
2003-03-03,10.346868515014648
2003-03-04,10.154178619384766
2003-03-05,10.366354942321777
2003-03-06,10.262435913085938
2003-03-07,10.418319702148438
2003-03-10,10.203971862792969
2003-03-11,10.132532119750977
2003-03-12,10.284079551696777
2003-03-13,10.727925300598145
2003-03-14,10.686783790588379
2003-03-17,11.251867294311523
2003-03-18,11.312494277954102
2003-03-19,11.505516052246094
2003-03-20,11.518528938293457
2003-03-21,11.856867790222168
2003-03-24,11.390565872192383
2003-03-25,11.596606254577637
2003-03-26,11.566243171691895
2003-03-27,11.611788749694824
2003-03-28,11.52286434173584
2003-03-31,11.284293174743652
2003-04-01,11.368882179260254
2003-04-02,11.726733207702637
2003-04-03,11.722394943237305
2003-04-04,11.841678619384766
2003-04-07,11.780953407287598
2003-04-08,11.83300495147705
2003-04-09,11.646489143371582
2003-04-10,11.8373441696167
2003-04-11,11.490338325500488
2003-04-14,11.4187593460083
2003-04-15,11.991324424743652
2003-04-16,11.828667640686035
2003-04-17,12.017350196838379
2003-04-21,11.92409896850586
2003-04-22,12.143146514892578
2003-04-23,12.140975952148438
2003-04-24,11.952292442321777
2003-04-25,11.928434371948242
2003-04-28,12.164835929870605
2003-04-29,12.271101951599121
2003-04-30,12.214712142944336
2003-05-01,12.132298469543457
2003-05-02,12.177842140197754
2003-05-05,12.05422306060791
2003-05-06,12.12579345703125
2003-05-07,11.945782661437988
2003-05-08,11.930602073669434
2003-05-09,12.101941108703613
2003-05-12,12.297133445739746
2003-05-13,12.034707069396973
2003-05-14,11.689855575561523
2003-05-15,11.659500122070312
2003-05-16,11.477325439453125
2003-05-19,11.379722595214844
2003-05-20,11.453463554382324
2003-05-21,11.405750274658203
2003-05-22,11.47298526763916
2003-05-23,11.277791023254395
2003-05-27,11.38623332977295
2003-05-28,11.57058048248291
2003-05-29,11.453463554382324
2003-05-30,11.410087585449219
2003-06-02,11.377557754516602
2003-06-03,11.462138175964355
2003-06-04,11.68118667602539
2003-06-05,11.846020698547363
2003-06-06,11.629134178161621
2003-06-09,11.666006088256836
2003-06-10,11.876386642456055
2003-06-11,12.013014793395996
2003-06-12,11.934938430786133
2003-06-13,11.728900909423828
2003-06-16,11.982653617858887
2003-06-17,11.94144344329834
2003-06-18,12.000100135803223
2003-06-19,11.837172508239746
2003-06-20,11.787208557128906
2003-06-23,11.674247741699219
2003-06-24,11.861068725585938
2003-06-25,11.769828796386719
2003-06-26,11.815449714660645
2003-06-27,11.687277793884277
2003-06-30,11.659039497375488
2003-07-01,11.806758880615234
2003-07-02,12.106544494628906
2003-07-03,11.9392728805542
2003-07-07,12.284675598144531
2003-07-08,12.317262649536133
2003-07-09,12.113058090209961
2003-07-10,12.084819793701172
2003-07-11,12.280333518981934
2003-07-14,12.306405067443848
2003-07-15,12.451951026916504
2003-07-16,12.306405067443848
2003-07-17,12.121755599975586
2003-07-18,12.382431983947754
2003-07-21,12.156505584716797
2003-07-22,12.360713005065918
2003-07-23,12.273811340332031
2003-07-24,12.084819793701172
2003-07-25,12.206477165222168
2003-07-28,12.199947357177734
2003-07-29,12.054408073425293
2003-07-30,12.143476486206055
2003-07-31,12.145646095275879
2003-08-01,12.006612777709961
2003-08-04,12.128266334533691
2003-08-05,12.013134002685547
2003-08-06,12.108722686767578
2003-08-07,12.382431983947754
2003-08-08,12.549704551696777
2003-08-11,12.534501075744629
2003-08-12,12.773455619812012
2003-08-13,12.614877700805664
2003-08-14,12.584466934204102
2003-08-15,12.621393203735352
2003-08-18,12.799521446228027
2003-08-19,12.790831565856934
2003-08-20,12.769112586975098
2003-08-21,12.858176231384277
2003-08-22,12.686563491821289
2003-08-25,12.83863353729248
2003-08-26,12.83863353729248
2003-08-27,12.840797424316406
2003-08-28,12.882076263427734
2003-08-29,12.85383129119873
2003-09-02,13.016762733459473
2003-09-03,13.029794692993164
2003-09-04,13.051517486572266
2003-09-05,12.793008804321289
2003-09-08,12.727845191955566
2003-09-09,12.395472526550293
2003-09-10,12.349846839904785
2003-09-11,12.491053581237793
2003-09-12,12.486706733703613
2003-09-15,12.545357704162598
2003-09-16,12.690906524658203
2003-09-17,12.510598182678223
2003-09-18,12.7061128616333
2003-09-19,12.630082130432129
2003-09-22,12.397639274597168
2003-09-23,12.517120361328125
2003-09-24,12.299888610839844
2003-09-25,12.358543395996094
2003-09-26,12.338985443115234
2003-09-29,12.432398796081543
2003-09-30,12.132613182067871
2003-10-01,12.395472526550293
2003-10-02,12.415054321289062
2003-10-03,12.506433486938477
2003-10-06,12.617395401000977
2003-10-07,12.815398216247559
2003-10-08,12.732714653015137
2003-10-09,12.828451156616211
2003-10-10,12.710956573486328
2003-10-13,12.826265335083008
2003-10-14,12.908953666687012
2003-10-15,12.852381706237793
2003-10-16,12.922013282775879
2003-10-17,12.802332878112793
2003-10-20,12.837151527404785
2003-10-21,12.830625534057617
2003-10-22,12.671793937683105
2003-10-23,12.771880149841309
2003-10-24,12.64350414276123
2003-10-27,12.573880195617676
2003-10-28,12.784934997558594
2003-10-29,12.80451774597168
2003-10-30,12.7936372756958
2003-10-31,12.826265335083008
2003-11-03,12.845854759216309
2003-11-04,12.763169288635254
2003-11-05,12.602169036865234
2003-11-06,12.752298355102539
2003-11-07,12.710956573486328
2003-11-10,12.645681381225586
2003-11-11,12.680495262145996
2003-11-12,12.610869407653809
2003-11-13,12.079978942871094
2003-11-14,11.966840744018555
2003-11-17,11.966840744018555
2003-11-18,11.905912399291992
2003-11-19,12.012530326843262
2003-11-20,11.982069969177246
2003-11-21,11.925498962402344
2003-11-24,12.201820373535156
2003-11-25,12.19311809539795
2003-11-26,12.119141578674316
2003-11-28,12.10608959197998
2003-12-01,11.858051300048828
2003-12-02,11.536026954650879
2003-12-03,11.464229583740234
2003-12-04,11.536026954650879
2003-12-05,11.636120796203613
2003-12-08,11.618705749511719
2003-12-09,11.446821212768555
2003-12-10,11.52079963684082
2003-12-11,11.490340232849121
2003-12-12,11.422889709472656
2003-12-15,11.039950370788574
2003-12-16,11.181373596191406
2003-12-17,11.312159538269043
2003-12-18,11.464723587036133
2003-12-19,11.410238265991211
2003-12-22,11.567170143127441
2003-12-23,11.501781463623047
2003-12-24,11.429855346679688
2003-12-26,11.447291374206543
2003-12-29,11.530113220214844
2003-12-30,11.503959655761719
